case,topo,side,mdot,Tin_C,Pin_MPa,Tout_C,Pout_MPa,Q_kW,dP_MPa,HB,done,T_mean_K,P_mean_Pa,T_other_K,rho,mu,cp,k,Pr,u,Re,f,T_wall_K,dT_streams_K,h,Nu,ok_dp,ok_dT,ok_hb,ok_done,Nu_cfd,gamma_Nu,metric,f_cfd,gamma_f,dP_gauge_MPa
10,Diamond,hot,0.09926740196078435,166.23333333333335,9.054823529411767,115.84509803921566,8.997156862745099,6.190044833957556,0.057666666666667865,0.10595983352995904,完成,414.18921568627445,9025990.196078433,403.05784313725485,134.21936306280963,2.2469510661736328e-05,1237.1003907069683,0.031426532377213885,0.8845086720029893,1.2459707087728087,19344.28094568469,7.90452571011641,408.62352941176465,11.131372549019602,6614.487148636885,547.0448236403878,True,True,True,True,252.69839133402064,2.1648132414000827,Nu,,,
11,Diamond,hot,0.12332769371345029,161.43026315789473,8.549644736842104,118.446052631579,8.454276315789473,6.415153129326136,0.09536842105263155,0.1195231706884472,完成,413.0881578947368,8501960.526315788,403.0684210526315,125.85350052975095,2.222940578200277e-05,1217.9769570875962,0.030922213553928754,0.87558104354367,1.6508653835458234,24292.505309101747,7.941412910609048,408.07828947368415,10.019736842105317,7615.559446811167,640.1097416864083,True,True,True,True,295.877390354057,2.1634290505280958,Nu,,,
12,Diamond,hot,0.1490760590277778,167.17250000000007,9.002174999999998,117.64124999999997,8.872387500000002,9.02249773313834,0.1297874999999955,0.1295807995270846,完成,415.556875,8937281.25,401.15250000000003,131.9550607459231,2.2480908314242805e-05,1230.1177415995303,0.03141470844759157,0.8802935163557946,1.9032603620057722,29035.786791627703,7.755185978514078,408.3546875,14.404374999999959,7450.466443027059,616.4156108288646,True,True,True,True,336.2688010279282,1.8331037816906164,Nu,,,
13,Diamond,hot,0.17556528133903132,164.50769230769234,8.512038461538465,116.02179487179484,8.326794871794867,10.199564254107319,0.18524358974359778,0.13522930871810113,完成,413.4147435897436,8419416.666666666,398.2474358974358,124.28844791672839,2.22100032968882e-05,1213.8693516721905,0.03086935245203865,0.8733595025849148,2.3797110253982705,34612.228621958595,7.517021374786277,405.8310897435897,15.167307692307759,7998.788647855075,673.4725537505424,True,True,True,True,379.76516508682477,1.7733921266753574,Nu,,,
14,Diamond,hot,0.048290833333333345,191.66250000000005,8.340734374999998,113.69687500000002,8.326671874999999,4.506808933836173,0.014062499999999645,0.05119196006900227,完成,425.8296875,8333703.125,408.07578125,117.11600563443322,2.26249672941859e-05,1187.6928230981607,0.03147480580435851,0.8537466901357066,0.6946480143828972,9345.79584309628,7.10719928573266,416.952734375,17.75390625,3019.4394491744333,249.33684790089637,True,True,True,True,149.2719303169524,1.6703532095516815,Nu,,,
15,Diamond,hot,0.07417716553287984,199.14693877551025,8.524857142857144,127.44693877551019,8.490102040816327,6.290825491969785,0.03475510204081722,0.0484520692482956,完成,436.4469387755102,8507479.591836734,419.15714285714284,115.36273063663299,2.3068174485037228e-05,1178.2687360045047,0.03221388226925732,0.8437514163996112,1.0832309431111762,14079.802282103528,7.333186543818573,427.80204081632655,17.28979591836736,4327.8168299086565,349.1797129053894,True,True,True,True,198.69195715634976,1.7573922865464633,Nu,,,
16,Diamond,hot,0.09870848039215688,193.5882352941177,8.483392156862744,123.1078431372549,8.418411764705883,8.250732228875231,0.06498039215686013,0.08675604878351884,完成,431.4980392156863,8450901.960784314,411.3627450980392,116.53286443178187,2.2869865810606103e-05,1183.145495370881,0.03188538321833014,0.8486138782863968,1.4269948144473075,18898.633356622937,7.821155548762126,421.43039215686275,20.13529411764705,4874.001016557752,397.29872718279796,True,True,True,True,245.15711654053044,1.620588187645431,Nu,,,
17,Diamond,hot,0.12392348333333332,200.32200000000003,8.919799999999999,125.55000000000001,8.820799999999998,11.041597238468823,0.0990000000000002,0.08456119891370033,完成,436.086,8870299.999999998,412.571,120.99775221168956,2.3173175568347027e-05,1189.7785642115634,0.03244759553880553,0.8497069535693971,1.7254113898131187,23415.725069663153,7.849723835605588,424.3285,23.514999999999986,5585.190863323445,447.3821974160415,True,True,True,True,285.41423231238616,1.567483841963358,Nu,,,
18,Diamond,hot,0.14916723794549266,196.99999999999997,9.038377358490566,123.30566037735852,8.899037735849058,13.152182270861237,0.1393396226415078,0.12931648744799246,完成,433.3028301886792,8968707.547169812,407.9632075471699,123.73000333233097,2.3107576873666587e-05,1196.9940807446533,0.03236281073279545,0.8546733769975532,2.0310226851740194,28265.6249162952,7.7974368099671745,420.63301886792453,25.339622641509322,6173.746264853161,495.821942333385,True,True,True,True,326.70189565368315,1.5176586023209848,Nu,,,
19,Diamond,hot,0.17643392156862744,164.2220588235294,9.021735294117649,116.64264705882351,8.845205882352943,10.242500852883937,0.17652941176470627,0.11596375428768783,完成,413.58235294117645,8933470.588235294,397.2036764705881,132.96638019546208,2.2412575395083825e-05,1234.7457980379395,0.03131722275348988,0.8836617956234446,2.2354069248076005,34469.094414899475,7.588288799719999,405.39301470588225,16.378676470588346,7438.379038409969,617.3312512536006,True,True,True,True,380.1365801278173,1.623972233995552,Nu,,,
20,Diamond,hot,0.04846226068376068,222.50769230769237,8.496476923076926,126.07692307692311,8.479661538461539,5.489046141583366,0.016815384615387785,0.03286161315319011,其他,447.44230769230774,8488069.230769232,423.5930769230769,110.86732666969502,2.346461575265866e-05,1165.4688588148683,0.03286037954294599,0.8322265087668779,0.7364045182329344,9043.35901827944,7.9882591908194645,435.5176923076923,23.849230769230815,2737.62278087746,216.53306838589313,True,True,True,True,144.60247867775834,1.4974367684832681,Nu,,,
21,Diamond,hot,0.0742376754385965,215.35087719298247,8.565771929824562,126.14561403508776,8.529263157894734,7.801225952959445,0.03650877192982804,0.03880409585008908,完成,443.8982456140351,8547517.543859648,419.4526315789474,113.04196456382714,2.3352618691034005e-05,1170.6955992376818,0.03268430410918,0.8364506657674416,1.1063715989624594,13919.650354490834,7.535937666092648,431.67543859649123,24.445614035087715,3795.8846531536615,301.854019598804,True,True,True,True,196.5203805153173,1.5359934618856323,Nu,,,
22,Diamond,hot,0.09899833857442346,214.7867924528302,9.031905660377362,127.67358490566039,8.970433962264153,10.254582566193154,0.06147169811320907,0.08393725479956574,完成,444.3801886792453,9001169.811320757,417.6707547169811,119.47447766518617,2.351153592368541e-05,1182.7246909946962,0.03301339977433951,0.842314764617661,1.3959475998234216,18436.838657129552,7.5412553108149245,431.02547169811317,26.7094339622642,4566.720188517441,359.5318344406389,True,True,True,True,240.30645709465756,1.4961388836048546,Nu,,,
23,Diamond,hot,0.12297697649572652,225.14615384615385,8.286250000000003,130.68269230769232,8.175999999999998,13.459274975054637,0.11025000000000418,0.092834315368692,完成,451.06442307692305,8231125.000000001,420.76249999999993,105.95907475538036,2.3523685839203702e-05,1155.6077767633749,0.03292327107918537,0.8256820602223981,1.9552486945881011,22890.6429087958,7.773529276474149,435.9134615384615,30.301923076923117,5283.267193806323,417.0832956134331,True,True,True,True,278.1990802513613,1.4992260047609995,Nu,,,
24,Diamond,hot,0.14889437996031749,212.49642857142848,8.677196428571431,129.57678571428568,8.528071428571426,14.464201911024333,0.14912500000000506,0.10894281992911364,完成,444.18660714285704,8602633.92857143,415.6294642857142,113.73384052459606,2.3380048817721007e-05,1171.903937189702,0.032737727316059805,0.8369295460449926,2.2054892826014787,27885.115124352073,7.698970503002166,429.90803571428563,28.55714285714282,6024.6361317646515,478.305631646293,True,True,True,True,321.3294839025533,1.488520834867878,Nu,,,
32,Diamond,hot,0.07456108695652174,200.89999999999998,9.074565217391303,141.90144927536232,9.037304347826089,5.215076536902769,0.03726086956521435,0.0123396568809081,完成,444.5507246376811,9055934.782608695,432.5166666666666,120.20701680516926,2.3535052029323206e-05,1184.0427301851778,0.03305999960947334,0.8429070656088246,1.044957823570989,13871.921347490364,8.10788256581847,438.53369565217383,12.034057971014533,5154.656002591789,405.2472188022042,True,True,True,True,196.54656191906147,2.061838247616289,Nu,,,
33,Diamond,hot,0.09960358828006084,209.41232876712328,9.677123287671236,145.8534246575343,9.61439726027397,7.552702832924385,0.06272602739726629,0.060057018948655186,完成,450.78287671232874,9645760.273972603,435.2212328767123,126.16478377512082,2.3943355765568837e-05,1192.3720944193524,0.033803882236961805,0.8445594817036296,1.3300047357049376,18215.0142669166,8.02758786771038,443.0020547945205,15.56164383561645,5772.95306528977,443.86882734270216,True,True,True,True,238.46895438769963,1.86132751947688,Nu,,,
34,Diamond,hot,0.1293984982638889,221.13750000000005,9.274999999999997,147.37656249999995,9.162593750000001,11.19906844328477,0.11240624999999582,0.1064148949006088,完成,457.40703125,9218796.874999998,435.68046874999993,117.47093266527267,2.4044217472453195e-05,1174.4238162752795,0.033889889297543226,0.8332308611405909,1.8557316291104453,23564.495090082444,7.936180004621697,446.54374999999993,21.726562500000057,6131.150547739814,470.21343017986015,True,True,True,True,284.8307009942753,1.6508523432988735,Nu,,,
35,Diamond,hot,0.14937667257683215,214.89361702127664,9.680765957446807,145.24468085106386,9.539744680851069,12.333562577761088,0.1410212765957386,0.10957963225107388,完成,453.2191489361702,9610255.319148937,431.69893617021273,124.63127534025666,2.4016768930892346e-05,1188.546982547129,0.033913177238428904,0.8417099360126524,2.01916631586635,27233.76912297619,7.926751150753415,442.45904255319147,21.520212765957467,6816.996663060261,522.4536902228438,True,True,True,True,316.60198750298633,1.6501908100558458,Nu,,,
37,Diamond,hot,0.04859173611111111,220.73749999999998,8.425104166666669,145.62916666666666,8.405479166666668,4.232131890292765,0.019625000000001336,-0.00419915400550702,完成,456.3333333333333,8415291.666666668,442.5489583333333,106.74585599018299,2.3771663122322197e-05,1155.9861208392665,0.03334121562339944,0.8241964824877395,0.7668805842666251,8950.399055885377,8.928632813634248,449.4411458333333,13.784375000000011,3651.9364771407377,284.6852614839058,True,True,True,True,143.08617654223227,1.9896070211917374,Nu,,,
38,Diamond,hot,0.07454945454545456,228.9090909090909,8.920981818181819,151.26363636363632,8.880036363636364,6.742355999065299,0.040945454545454396,0.03160182249216559,完成,463.2363636363636,8900509.090909092,446.6172727272726,111.02130497417222,2.4162035729024272e-05,1162.074928288521,0.03408260447475562,0.8238248329263543,1.1312393224515653,13509.84909317993,8.231371252950785,454.92681818181813,16.61909090909097,4825.646633456484,367.9984092698071,True,True,True,True,191.4366079923475,1.9222990478629747,Nu,,,
39,Diamond,hot,0.09908756038647344,226.0565217391304,9.324282608695652,150.50652173913045,9.25654347826087,8.788459945950013,0.06773913043478252,0.06962703123735331,完成,461.4315217391304,9290413.04347826,442.6478260869564,116.95673030044905,2.4209307031140947e-05,1172.4643331571533,0.034192533178040205,0.8301388164680683,1.4272835752182627,17921.581329113207,8.120367225142186,452.03967391304343,18.783695652174003,5565.226384333742,423.03349726283363,True,True,True,True,234.39540864425905,1.8047857665372184,Nu,,,
40,Diamond,hot,0.12387733539094649,230.60555555555558,9.078555555555555,153.0185185185185,8.969370370370374,11.175377509532431,0.10918518518518106,0.09731778268749339,完成,464.962037037037,9023962.962962965,443.25092592592586,112.09014183215618,2.4259570781344294e-05,1163.5572999306064,0.034267986011738846,0.8237251137591458,1.861833271619867,22358.789758390394,8.025951466754025,454.1064814814814,21.711111111111165,6122.53467336543,464.37183555655673,True,True,True,True,273.39440405749554,1.6985418452782164,Nu,,,
41,Diamond,hot,0.14922191414141417,213.82181818181817,9.491709090909088,152.8945454545454,9.344836363636366,10.673411607192813,0.14687272727272216,0.1251427417073633,完成,456.50818181818175,9418272.727272727,439.9981818181818,120.59612643674109,2.4072580683710198e-05,1180.1677360217445,0.03395421481579685,0.836705640222248,2.08456575430232,27142.4786884996,8.004946067302544,448.2531818181818,16.509999999999934,7689.662607435907,588.622409816428,True,True,True,True,315.22364798875435,1.867316787849074,Nu,,,
49,Diamond,hot,0.09846829487179484,238.87846153846155,8.487184615384614,171.10769230769242,8.410061538461541,7.623317695036835,0.07712307692307263,0.07829628417627424,完成,478.14307692307693,8448623.076923078,464.12307692307695,100.46168784889066,2.4589522631781268e-05,1144.0485441148173,0.034847122573987185,0.8072863837649397,1.6512479738576986,17534.196521388687,8.041574486462597,471.13307692307694,14.019999999999982,6467.6588769591635,482.395649189153,True,True,True,True,228.6621696859043,2.109643452836046,Nu,,,
50,Diamond,hot,0.12366313200815496,240.78715596330267,9.017366972477063,174.3394495412844,8.902082568807336,9.441269830662879,0.11528440366972781,0.08916076115210635,完成,480.71330275229354,8959724.7706422,466.44862385321096,106.17236265460654,2.4815125650103564e-05,1152.6913886311684,0.03529282534552904,0.8104814892157233,1.962208309286,21820.430417912605,8.054723962373354,473.58096330275225,14.264678899082583,7872.624010141455,579.7707256279917,True,True,True,True,267.2730577109232,2.169207516064187,Nu,,,
10,Diamond,cold,0.10247916122004361,105.4803921568627,10.588843137254901,154.33529411764707,10.56109803921569,6.845940954106681,0.02774509803921177,0.10595983352995904,完成,403.05784313725485,10574970.588235296,414.18921568627445,170.21997337382138,2.2849281952756862e-05,1350.1755822171165,0.03257848149923745,0.9469607281889014,1.0142415415153816,19638.23963809277,4.525585387540556,408.62352941176465,11.131372549019602,7315.357105792503,583.6169450976266,True,True,True,True,261.2839205048761,2.233650444198441,Nu,,,
11,Diamond,cold,0.12500714546783626,107.58157894736841,9.091828947368418,152.25526315789466,9.03851315789474,7.18191257179511,0.0533157894736771,0.1195231706884472,完成,403.0684210526315,9065171.052631581,413.0881578947368,141.5661504524969,2.2121978720221313e-05,1271.1936530462042,0.030983531590600993,0.9076214846502283,1.4876191700056451,24742.889629137015,4.860653875569253,408.07828947368415,10.019736842105317,8525.795258460394,715.1994635515699,True,True,True,True,303.3601070816255,2.357592336157537,Nu,,,
12,Diamond,cold,0.15100304513888885,102.23249999999999,9.318425000000001,153.7725000000001,9.246212499999999,10.191640203129715,0.07221250000000268,0.1295807995270846,完成,401.15250000000003,9282318.75,415.556875,146.89184959001304,2.21597844071562e-05,1289.0950351946433,0.031131194120304233,0.9176027090338147,1.7318264039931939,29837.313984194952,4.6815296112764635,408.3546875,14.404374999999959,8415.903841564217,702.6324196952231,True,True,True,True,347.58552836110607,2.0214662647440815,Nu,,,
13,Diamond,cold,0.17710196225071223,100.60769230769228,9.497692307692306,149.58717948717947,9.398166666666667,11.578844277416106,0.09952564102563954,0.13522930871810113,完成,398.2474358974358,9447929.487179486,413.4147435897436,152.1302113420883,2.2151300434468405e-05,1309.5635988272134,0.03121117702482985,0.9294278358226512,1.9612107051476428,35007.70943028519,4.857947438016738,405.8310897435897,15.167307692307759,9080.459307286712,756.1724820640272,True,True,True,True,390.8527534456559,1.9346735449547379,Nu,,,
14,Diamond,cold,0.050810403645833314,99.90781250000002,10.200671875000001,169.94374999999997,10.2089375,4.737521316815737,-0.008265624999998167,0.05119196006900227,完成,408.07578125,10204804.687500002,425.8296875,159.19317648504037,2.2794096323686226e-05,1309.5251685066883,0.03230626330104965,0.9239521931421595,0.5377055846117439,9760.449431778063,-5.129133019336692,416.952734375,17.75390625,3174.0104728873407,255.35527066974714,False,True,True,True,158.03587490241176,1.6158057202355527,Nu,,,
15,Diamond,cold,0.07513952947845803,110.57142857142857,9.038816326530615,181.44285714285715,9.028775510204087,6.595629004335648,0.010040816326528201,0.0484520692482956,完成,419.15714285714284,9033795.91836735,436.4469387755102,131.66002127176014,2.2640324493749355e-05,1225.6966033980964,0.03167168430745165,0.8761822883316093,0.9614592917739451,14531.999491506289,2.3563245436896962,427.80204081632655,17.28979591836736,4537.508510645301,372.36554768706804,True,True,True,True,205.75591389379673,1.8097440828809848,Nu,,,
16,Diamond,cold,0.1009679139433551,102.80784313725492,8.861725490196074,173.61764705882356,8.823313725490195,8.966533156623282,0.03841176470587904,0.08675604878351884,完成,411.3627450980392,8842519.607843133,431.4980392156863,132.6239246921628,2.230164431089512e-05,1236.477421858124,0.03113300670042541,0.8857313373576506,1.2825604942206321,19823.76079036877,5.028847595773465,421.43039215686275,20.13529411764705,5296.850086521157,442.20109705692903,True,True,True,True,257.23187304915484,1.7190758354133981,Nu,,,
17,Diamond,cold,0.1250834777777778,101.64000000000006,9.146519999999999,177.20200000000006,9.08838,11.97528793887595,0.05813999999999808,0.08456119891370033,完成,412.571,9117450.0,436.086,136.717115895058,2.2452310464985248e-05,1245.1540718020196,0.03143321263449004,0.8893963885245431,1.5413221165229702,24393.743826529455,5.112662512628721,424.3285,23.514999999999986,6057.48129888792,500.8717193752868,True,True,True,True,298.3017675654122,1.6790772762198085,Nu,,,
18,Diamond,cold,0.15050370020964363,96.0660377358491,8.910339622641509,173.56037735849063,8.821981132075472,14.852976284404773,0.08835849056603706,0.12931648744799246,完成,407.9632075471699,8866160.37735849,433.3028301886792,134.9717631864329,2.2197084096228493e-05,1246.648623456658,0.030999129220830344,0.8926690855148384,1.878540691190953,29688.673930366273,5.298414862681609,420.63301886792453,25.339622641509322,6972.113446219134,584.5721888632839,True,True,True,True,343.19367834205434,1.7033302935162238,Nu,,,
19,Diamond,cold,0.17615957924836606,99.4191176470588,9.09938235294117,148.68823529411753,8.991132352941175,11.430259705079203,0.10824999999999463,0.11596375428768783,完成,397.2036764705881,9045257.352941172,413.58235294117645,145.1024469755951,2.192934147327072e-05,1291.3828889761176,0.03074757726354236,0.921021389827497,2.045256957130822,35173.875658799734,5.093768675580051,405.39301470588225,16.378676470588346,8300.961397518888,701.6825754119094,True,True,True,True,390.97833025372455,1.794684055652276,Nu,,,
20,Diamond,cold,0.05021766239316239,104.37846153846156,8.797892307692306,196.50769230769234,8.800938461538463,5.669425052468089,-0.003046153846156585,0.03286161315319011,其他,423.5930769230769,8799415.384615384,447.44230769230774,125.57559848783715,2.2706984500460558e-05,1207.874931398534,0.03170865565448025,0.8649750921208187,0.6737016121942607,9683.59414241544,-1.5264873534134515,435.5176923076923,23.849230769230815,2827.58548166203,231.77207698510787,False,True,True,True,153.73696682647102,1.5075884594934033,Nu,,,
21,Diamond,cold,0.07486368908382068,102.32105263157894,8.711719298245615,190.28421052631586,8.704526315789476,8.103945472586286,0.0071929824561394184,0.03880409585008908,完成,419.4526315789474,8708122.807017546,443.8982456140351,126.10654918045608,2.252887613978794e-05,1212.5732182238742,0.03141884773739325,0.8694752930508398,1.0001149819324062,14550.276514002411,1.6287457669768943,431.67543859649123,24.445614035087715,3943.1805250705183,326.1967321222534,True,True,True,True,205.41212738616676,1.5880110696142897,Nu,,,
22,Diamond,cold,0.10093650943396226,100.54339622641508,9.072603773584907,188.49811320754716,9.049452830188681,11.115324075914893,0.023150943396226253,0.08393725479956574,完成,417.6707547169811,9061028.301886793,444.3801886792453,132.9084741548351,2.2600373083215065e-05,1230.1367117292189,0.031622104855448106,0.8791808374403597,1.2794165387976593,19555.648541051007,3.0393023577805143,431.02547169811317,26.7094339622642,4950.038144579371,406.85622991271265,True,True,True,True,254.13624992511637,1.6009374106708376,Nu,,,
23,Diamond,cold,0.12426900641025641,99.29615384615384,8.51725,195.92884615384608,8.461211538461539,14.708757552722803,0.056038461538461704,0.092834315368692,完成,420.76249999999993,8489230.769230768,451.06442307692305,121.888868329613,2.249622283949653e-05,1201.8428000778536,0.03131321834171383,0.8634348329688839,1.7175727124279747,24187.59959066534,4.451165092219614,435.9134615384615,30.301923076923117,5773.735686653204,479.23926300253606,True,True,True,True,293.6025983395444,1.6322718726361791,Nu,,,
24,Diamond,cold,0.1503382490079365,100.03214285714292,9.016035714285715,184.92678571428564,8.933874999999999,16.039972855235398,0.08216071428571681,0.10894281992911364,完成,415.6294642857142,8974955.357142856,444.18660714285704,132.55590388540884,2.2497995539389812e-05,1231.4782012897306,0.03145049826106286,0.8809332955393324,1.9106747435582263,29259.386198150245,4.849237019830391,429.90803571428563,28.55714285714282,6680.97698100592,552.1227525448438,True,True,True,True,338.1805311855628,1.6326272556532502,Nu,,,
32,Diamond,cold,0.0755380998389694,130.83768115942027,9.565579710144926,187.895652173913,9.547826086956519,5.279428791975824,0.017753623188406564,0.0123396568809081,完成,432.5166666666666,9556702.89855072,444.5507246376811,133.26122940366523,2.3287029803753818e-05,1217.3708268034206,0.03276157682237394,0.8653109366406098,0.9549455099419475,14203.373473827362,4.1726101221496,438.53369565217383,12.034057971014533,5218.262689002933,413.98474766570024,True,True,True,True,201.61250921178467,2.0533683613392673,Nu,,,
33,Diamond,cold,0.10180482496194826,130.16301369863015,9.881671232876714,193.97945205479448,9.851164383561644,8.006295650074886,0.03050684931507064,0.060057018948655186,完成,435.2212328767123,9866417.80821918,450.78287671232874,136.74022227326972,2.349018662842049e-05,1222.4457101492665,0.03313574431143851,0.8666012631140946,1.2542624791029129,18976.73287056952,4.050475606202759,443.0020547945205,15.56164383561645,6119.659416921574,480.0137981801645,True,True,True,True,247.59845089654078,1.9386785193609255,Nu,,,
34,Diamond,cold,0.13150782552083337,124.41406249999996,9.885968750000002,200.64687499999997,9.827031250000001,12.390816134661643,0.05893750000000075,0.1064148949006088,完成,435.68046874999993,9856500.0,457.40703125,136.3512772952852,2.350180396794161e-05,1221.2833143342189,0.03315126510241266,0.8657998708083072,1.6248330219964624,24501.34622210925,4.676240434284644,446.54374999999993,21.726562500000057,6783.596288897392,531.8425582391113,True,True,True,True,296.56195698418077,1.7933606982081014,Nu,,,
35,Diamond,cold,0.15152653664302607,122.25106382978724,9.869021276595745,194.84680851063828,9.794893617021275,13.685069829377754,0.07412765957447043,0.10957963225107388,完成,431.69893617021273,9831957.44680851,453.2191489361702,138.02965980291694,2.3361113768537863e-05,1228.0859888694997,0.032934419962060694,0.8711086011709622,1.849407565818563,28401.070010051702,4.48460728223725,442.45904255319147,21.520212765957467,7564.000650455202,596.9318306079249,True,True,True,True,329.8965046844878,1.8094518193784108,Nu,,,
37,Diamond,cold,0.050912569444444424,134.82916666666662,9.185770833333331,203.96875,9.175270833333332,4.214360516713808,0.010499999999998622,-0.00419915400550702,完成,442.5489583333333,9180520.833333332,456.3333333333333,122.8818034119825,2.3504308346016625e-05,1190.1080128093424,0.033030493969933,0.8468739742008958,0.6979973755292129,9484.557843613895,5.009287409837711,449.4411458333333,13.784375000000011,3636.601433454924,286.156645590098,True,True,True,True,150.43057896352946,1.9022505102468168,Nu,,,
38,Diamond,cold,0.0759317070707071,135.58909090909086,9.734799999999998,211.3454545454544,9.713018181818184,6.955426736526748,0.021781818181814572,0.03160182249216559,完成,446.6172727272726,9723909.090909092,463.2363636363636,129.12337543764062,2.3825224691765885e-05,1199.9148155795685,0.033629420814212295,0.8500961182203954,0.9906828475719658,13954.867217359626,4.909098852715622,454.92681818181813,16.61909090909097,4978.1458617768585,384.7436219008931,True,True,True,True,197.9367680606117,1.9437703548997924,Nu,,,
39,Diamond,cold,0.10186187801932367,131.08913043478256,9.227369565217387,207.90652173913028,9.18413043478261,9.400374321134903,0.04323913043477745,0.06962703123735331,完成,442.6478260869564,9205749.999999998,461.4315217391304,123.21359955609856,2.3516039771427884e-05,1190.6990891246846,0.03305343758409287,0.847129048663139,1.392737869097313,18966.49333986101,5.167272254728718,452.03967391304343,18.783695652174003,5952.716575638655,468.08181734457526,True,True,True,True,245.63609709212898,1.9055905173782954,Nu,,,
40,Diamond,cold,0.12538209362139918,128.90925925925922,8.71312962962963,211.2925925925925,8.642055555555554,12.26294046945581,0.07107407407407607,0.09731778268749339,完成,443.25092592592586,8677592.592592593,464.962037037037,115.18836221519854,2.336915833509579e-05,1175.0221656541548,0.03273138350740411,0.838928150721389,1.8337632489495233,23492.649334409798,5.240803601238243,454.1064814814814,21.711111111111165,6718.366172204685,533.4853614939591,True,True,True,True,284.86240149144203,1.8727826441847444,Nu,,,
41,Diamond,cold,0.15202578282828288,133.92909090909092,9.013672727272729,199.76727272727274,8.919709090909093,12.009111599088117,0.09396363636363603,0.1251427417073633,完成,439.9981818181818,8966690.90909091,456.50818181818175,120.78208413579043,2.3344171061419887e-05,1187.2950436427711,0.03273789342135988,0.8466158235181139,2.1204648600963325,28515.32602196381,4.941706449283313,448.2531818181818,16.509999999999934,8651.96806893497,686.8902892863903,True,True,True,True,327.7046174387527,2.096065336689278,Nu,,,
49,Diamond,cold,0.10098074358974359,155.8369230769231,8.537076923076922,226.1092307692308,8.503907692307694,8.22019514365346,0.03316923076922862,0.07829628417627424,完成,464.12307692307695,8520492.307692308,478.14307692307693,105.6265655321516,2.4089055843894886e-05,1152.956991325314,0.033925284363882924,0.8186709668147254,1.6105779766391417,18355.166817634563,3.4576460657680603,471.13307692307694,14.019999999999982,6974.052534344762,534.2996837827106,True,True,True,True,237.29018432414847,2.251672083716849,Nu,,,
50,Diamond,cold,0.1256812742099898,158.37798165137613,9.140504587155966,228.2192660550459,9.081688073394494,10.2830606350072,0.05881651376147268,0.08916076115210635,完成,466.44862385321096,9111096.33027523,480.71330275229354,112.74484438016486,2.43379524063772e-05,1164.3846450569051,0.03441628830278803,0.8234106427977499,1.8779768495295284,22611.32891727297,4.22477832014445,473.58096330275225,14.264678899082583,8574.553159150015,647.5460600930893,True,True,True,True,275.5402187506063,2.350096341758328,Nu,,,
1,Diamond,hot,0.048445133333333355,130.40133333333327,8.899306666666664,102.05999999999997,8.883786666666666,1.8076069166636242,0.015519999999998646,-0.04079505103145942,其他,389.38066666666657,8891546.666666664,387.20866666666666,147.70399421740916,2.1618798418227808e-05,1315.6544721936714,0.03033227738823963,0.9377096371083135,0.5525534138919393,9812.013869524262,9.82952997056247,388.2946666666666,2.171999999999912,9899.090029837396,848.2296600952864,True,False,True,True,,,f,1.3180369863658543,7.457704201203681,
2,Diamond,hot,0.07392908905228761,140.70441176470584,9.276397058823532,105.86176470588236,9.249397058823533,3.368810879244829,0.026999999999999247,0.02465547626258928,完成,396.43308823529406,9262897.058823533,391.2235294117647,149.8657516018605,2.2008918142885152e-05,1306.7536132246762,0.03095534866441665,0.9290876875000718,0.8310541249083537,14708.087661603875,7.450485196117022,393.82830882352937,5.209558823529392,7691.778781097642,645.8241551290835,True,False,True,True,,,f,1.2179642958718346,6.117162236503713,
3,Diamond,hot,0.09877763285024153,130.1282608695652,9.449934782608693,103.6152173913043,9.40286956521739,3.5083269811257765,0.047065217391303094,0.11340636113401562,完成,390.02173913043475,9426402.173913041,386.99347826086955,158.14692875045301,2.1910321368021765e-05,1347.0253872517533,0.03097556283441077,0.9528078402754002,1.052238535695089,19740.10310209821,7.6770206401858,388.50760869565215,3.0282608695652016,13780.274834342172,1156.2769604590408,True,False,True,True,,,f,1.151217102128497,6.668612398123411,
4,Diamond,hot,0.12427928160919541,131.0051724137931,9.80660344827586,106.11206896551724,9.73681034482759,4.163966340756543,0.06979310344826928,0.15972783225095732,完成,391.70862068965516,9771706.896551725,387.88448275862066,163.85517534258867,2.2139241095021903e-05,1360.4809028166321,0.03142542617159768,0.9584600236814917,1.277776573937564,24579.642068022647,7.451167231180908,389.7965517241379,3.8241379310344996,12951.639944716862,1071.19068093815,True,False,False,True,,,f,1.104360318761224,6.747043609407284,
5,Diamond,hot,0.1492699183006536,133.8670588235294,8.751764705882353,104.74823529411763,8.624329411764705,5.499872307663318,0.12743529411764776,0.11606466326639468,完成,392.45764705882345,8688047.058823528,386.79294117647055,141.43863738934948,2.161569167921268e-05,1289.816251006819,0.03020366925591178,0.9230756094028003,1.7779542518296516,30237.279054784132,8.140710390115334,389.625294117647,5.664705882352905,11548.520277515965,993.7790443462529,True,False,True,True,,,f,1.062149811487943,7.6643711669177685,
6,Diamond,hot,0.17700486904761908,144.46857142857147,9.161571428571431,107.23000000000006,8.99565714285714,8.334827902955505,0.16591428571429034,0.16880020356645348,完成,398.99928571428575,9078614.285714285,388.3607142857142,144.50794065754104,2.2000180747979117e-05,1286.3319283461176,0.03084515969375647,0.9174708513906435,2.0635255552672502,35228.85386739293,7.701125010057692,393.67999999999995,10.638571428571538,9318.895113661714,785.2367192623952,True,True,False,True,,,f,1.0322124642635981,7.460794435912799,
7,Diamond,hot,0.2024392091503267,125.5388235294118,9.213305882352943,100.97647058823529,9.012552941176471,6.427032311074343,0.20075294117647147,0.1700513043288697,完成,386.4076470588235,9112929.411764707,379.83882352941174,154.60741057677305,2.1646469498025597e-05,1345.2542379329077,0.030519868399856948,0.9541327127295492,2.205873869719141,40949.35902093758,7.62170376362771,383.12323529411765,6.568823529411759,11637.8830615409,991.0932805107842,True,False,False,True,,,f,1.0036653928342931,7.5938692496953175,
8,Diamond,hot,0.04853640476190476,149.94714285714286,8.452285714285715,106.13857142857135,8.437757142857143,2.6593297143940826,0.014528571428572334,-0.0013978087698367015,完成,401.19285714285706,8445021.42857143,394.36285714285714,131.32559970170894,2.1795978080324513e-05,1246.2445093173003,0.03030504347203072,0.8963233473951019,0.6226364791607997,9750.587661262423,8.150536636281094,397.7778571428571,6.829999999999927,4631.296470898579,397.20149188382175,True,False,True,True,,,f,1.3196732861434575,6.176177635678135,
9,Diamond,hot,0.07446447390572387,162.21060606060607,8.598287878787877,113.0333333333333,8.564848484848484,4.501335072031253,0.03343939393939266,0.04363556977740921,完成,410.7719696969697,8581568.181818182,401.1136363636364,128.42514035127775,2.2179137702509516e-05,1226.7263974955154,0.030875607984819458,0.8812047913917558,0.9768219886070156,14700.903207453655,7.793980254518971,405.942803030303,9.658333333333303,5543.57915336001,466.6571603199912,True,False,True,True,,,f,1.2180790750857906,6.398583157641085,
10,Diamond,hot,0.09926740196078435,166.23333333333335,9.054823529411767,115.84509803921566,8.997156862745099,6.190044833957556,0.057666666666667865,0.10595983352995904,完成,414.18921568627445,9025990.196078433,403.05784313725485,134.21936306280963,2.2469510661736328e-05,1237.1003907069683,0.031426532377213885,0.8845086720029893,1.2459707087728087,19344.28094568469,7.90452571011641,408.62352941176465,11.131372549019602,6614.487148636885,547.0448236403878,True,True,True,True,,,f,1.1556652192557537,6.839805835124907,
11,Diamond,hot,0.12332769371345029,161.43026315789473,8.549644736842104,118.446052631579,8.454276315789473,6.415153129326136,0.09536842105263155,0.1195231706884472,完成,413.0881578947368,8501960.526315788,403.0684210526315,125.85350052975095,2.222940578200277e-05,1217.9769570875962,0.030922213553928754,0.87558104354367,1.6508653835458234,24292.505309101747,7.941412910609048,408.07828947368415,10.019736842105317,7615.559446811167,640.1097416864083,True,True,True,True,,,f,1.106813048727542,7.175026459743105,
12,Diamond,hot,0.1490760590277778,167.17250000000007,9.002174999999998,117.64124999999997,8.872387500000002,9.02249773313834,0.1297874999999955,0.1295807995270846,完成,415.556875,8937281.25,401.15250000000003,131.9550607459231,2.2480908314242805e-05,1230.1177415995303,0.03141470844759157,0.8802935163557946,1.9032603620057722,29035.786791627703,7.755185978514078,408.3546875,14.404374999999959,7450.466443027059,616.4156108288646,True,True,True,True,,,f,1.0702614663006271,7.246066706783325,
13,Diamond,hot,0.17556528133903132,164.50769230769234,8.512038461538465,116.02179487179484,8.326794871794867,10.199564254107319,0.18524358974359778,0.13522930871810113,完成,413.4147435897436,8419416.666666666,398.2474358974358,124.28844791672839,2.22100032968882e-05,1213.8693516721905,0.03086935245203865,0.8733595025849148,2.3797110253982705,34612.228621958595,7.517021374786277,405.8310897435897,15.167307692307759,7998.788647855075,673.4725537505424,True,True,True,True,,,f,1.0356225699409696,7.258456500436011,
14,Diamond,hot,0.048290833333333345,191.66250000000005,8.340734374999998,113.69687500000002,8.326671874999999,4.506808933836173,0.014062499999999645,0.05119196006900227,完成,425.8296875,8333703.125,408.07578125,117.11600563443322,2.26249672941859e-05,1187.6928230981607,0.03147480580435851,0.8537466901357066,0.6946480143828972,9345.79584309628,7.10719928573266,416.952734375,17.75390625,3019.4394491744333,249.33684790089637,True,True,True,True,,,f,1.3307931942858837,5.340573814360729,
15,Diamond,hot,0.07417716553287984,199.14693877551025,8.524857142857144,127.44693877551019,8.490102040816327,6.290825491969785,0.03475510204081722,0.0484520692482956,完成,436.4469387755102,8507479.591836734,419.15714285714284,115.36273063663299,2.3068174485037228e-05,1178.2687360045047,0.03221388226925732,0.8437514163996112,1.0832309431111762,14079.802282103528,7.333186543818573,427.80204081632655,17.28979591836736,4327.8168299086565,349.1797129053894,True,True,True,True,,,f,1.2282742370922688,5.9703169881496905,
16,Diamond,hot,0.09870848039215688,193.5882352941177,8.483392156862744,123.1078431372549,8.418411764705883,8.250732228875231,0.06498039215686013,0.08675604878351884,完成,431.4980392156863,8450901.960784314,411.3627450980392,116.53286443178187,2.2869865810606103e-05,1183.145495370881,0.03188538321833014,0.8486138782863968,1.4269948144473075,18898.633356622937,7.821155548762126,421.43039215686275,20.13529411764705,4874.001016557752,397.29872718279796,True,True,True,True,,,f,1.1608094008747178,6.737674197735271,
17,Diamond,hot,0.12392348333333332,200.32200000000003,8.919799999999999,125.55000000000001,8.820799999999998,11.041597238468823,0.0990000000000002,0.08456119891370033,完成,436.086,8870299.999999998,412.571,120.99775221168956,2.3173175568347027e-05,1189.7785642115634,0.03244759553880553,0.8497069535693971,1.7254113898131187,23415.725069663153,7.849723835605588,424.3285,23.514999999999986,5585.190863323445,447.3821974160415,True,True,True,True,,,f,1.1145277871172885,7.04309387916545,
18,Diamond,hot,0.14916723794549266,196.99999999999997,9.038377358490566,123.30566037735852,8.899037735849058,13.152182270861237,0.1393396226415078,0.12931648744799246,完成,433.3028301886792,8968707.547169812,407.9632075471699,123.73000333233097,2.3107576873666587e-05,1196.9940807446533,0.03236281073279545,0.8546733769975532,2.0310226851740194,28265.6249162952,7.7974368099671745,420.63301886792453,25.339622641509322,6173.746264853161,495.821942333385,True,True,True,True,,,f,1.0756791893453403,7.248849738101472,
19,Diamond,hot,0.17643392156862744,164.2220588235294,9.021735294117649,116.64264705882351,8.845205882352943,10.242500852883937,0.17652941176470627,0.11596375428768783,完成,413.58235294117645,8933470.588235294,397.2036764705881,132.96638019546208,2.2412575395083825e-05,1234.7457980379395,0.03131722275348988,0.8836617956234446,2.2354069248076005,34469.094414899475,7.588288799719999,405.39301470588225,16.378676470588346,7438.379038409969,617.3312512536006,True,True,True,True,,,f,1.0364246870075888,7.321601747667013,
20,Diamond,hot,0.04846226068376068,222.50769230769237,8.496476923076926,126.07692307692311,8.479661538461539,5.489046141583366,0.016815384615387785,0.03286161315319011,其他,447.44230769230774,8488069.230769232,423.5930769230769,110.86732666969502,2.346461575265866e-05,1165.4688588148683,0.03286037954294599,0.8322265087668779,0.7364045182329344,9043.35901827944,7.9882591908194645,435.5176923076923,23.849230769230815,2737.62278087746,216.53306838589313,True,True,True,True,,,f,1.3395079485162007,5.963577296923259,
21,Diamond,hot,0.0742376754385965,215.35087719298247,8.565771929824562,126.14561403508776,8.529263157894734,7.801225952959445,0.03650877192982804,0.03880409585008908,完成,443.8982456140351,8547517.543859648,419.4526315789474,113.04196456382714,2.3352618691034005e-05,1170.6955992376818,0.03268430410918,0.8364506657674416,1.1063715989624594,13919.650354490834,7.535937666092648,431.67543859649123,24.445614035087715,3795.8846531536615,301.854019598804,True,True,True,True,,,f,1.2309941617172344,6.121830550016607,
22,Diamond,hot,0.09899833857442346,214.7867924528302,9.031905660377362,127.67358490566039,8.970433962264153,10.254582566193154,0.06147169811320907,0.08393725479956574,完成,444.3801886792453,9001169.811320757,417.6707547169811,119.47447766518617,2.351153592368541e-05,1182.7246909946962,0.03301339977433951,0.842314764617661,1.3959475998234216,18436.838657129552,7.5412553108149245,431.02547169811317,26.7094339622642,4566.720188517441,359.5318344406389,True,True,True,True,,,f,1.1663001531587525,6.465964434961741,
23,Diamond,hot,0.12297697649572652,225.14615384615385,8.286250000000003,130.68269230769232,8.175999999999998,13.459274975054637,0.11025000000000418,0.092834315368692,完成,451.06442307692305,8231125.000000001,420.76249999999993,105.95907475538036,2.3523685839203702e-05,1155.6077767633749,0.03292327107918537,0.8256820602223981,1.9552486945881011,22890.6429087958,7.773529276474149,435.9134615384615,30.301923076923117,5283.267193806323,417.0832956134331,True,True,True,True,,,f,1.119319345817237,6.944871725413218,
24,Diamond,hot,0.14889437996031749,212.49642857142848,8.677196428571431,129.57678571428568,8.528071428571426,14.464201911024333,0.14912500000000506,0.10894281992911364,完成,444.18660714285704,8602633.92857143,415.6294642857142,113.73384052459606,2.3380048817721007e-05,1171.903937189702,0.032737727316059805,0.8369295460449926,2.2054892826014787,27885.115124352073,7.698970503002166,429.90803571428563,28.55714285714282,6024.6361317646515,478.305631646293,True,True,True,True,,,f,1.0784227173554715,7.139102671985366,
25,Diamond,hot,0.04861751883239172,163.08644067796604,8.498050847457627,129.935593220339,8.47864406779661,1.9388769659637606,0.01940677966101667,-0.1258203782734355,重做,419.6610169491525,8488347.457627118,418.04067796610167,122.3935900941983,2.2456659804651602e-05,1203.873400141826,0.03125332158963974,0.8650272681357526,0.6691915800058136,9479.53820175854,10.112899058028685,418.8508474576271,1.6203389830508286,14232.967940497118,1183.6477846934204,True,False,True,True,,,f,1.3270527429936168,7.62057055487909,
26,Diamond,hot,0.07452112599206351,170.65178571428572,8.94842857142857,133.7767857142857,8.91282142857143,3.316742076865857,0.03560714285714006,-0.02978528732767698,完成,425.3642857142857,8930625.0,421.8321428571428,126.83515038401822,2.2815972665228e-05,1209.2446361393809,0.031905077525923045,0.8647555405973422,0.9898197858145471,14301.446650790122,8.184026823507903,423.5982142857142,3.532142857142901,11169.263600471468,909.8879963322617,True,False,True,True,,,f,1.2245728769745523,6.683168456031363,
27,Diamond,hot,0.09883597505668935,176.2816326530613,8.719612244897961,136.03469387755095,8.654530612244898,4.729086541568864,0.06508163265306344,0.01375405269657326,完成,429.3081632653061,8687071.42857143,423.6091836734694,121.1416593122237,2.286992588660942e-05,1194.114625743078,0.031933440575439724,0.8551948208131498,1.3744782875248105,18922.99365776692,8.12214915617291,426.45867346938775,5.698979591836746,9870.320624469236,803.3573044120967,True,False,True,True,,,f,1.1605243592246957,6.998689076719616,
28,Diamond,hot,0.12361851307189549,169.57058823529414,8.81535294117647,135.93725490196078,8.71613725490196,4.947097986354759,0.09921568627451016,0.0728841036506909,完成,425.9039215686274,8765745.098039215,420.34803921568624,123.9381347683417,2.277630816811224e-05,1202.4821837523928,0.03180604239471977,0.8610975375029954,1.6803312730357083,23765.104869771756,8.09780606093449,423.12598039215686,5.5558823529411825,10591.282988429597,865.4901664918405,True,False,True,True,,,f,1.1114118982403016,7.286053058956581,
29,Diamond,hot,0.14921235875706212,172.74915254237288,9.300322033898308,138.1423728813559,9.164949152542372,6.180287735207423,0.13537288135593606,0.10855225280020263,完成,428.5957627118644,9232635.59322034,421.9966101694915,130.08562165976676,2.303643011325662e-05,1213.7385051723188,0.03230938028733998,0.8653896175509914,1.9323769555695565,28361.498086061125,7.959769354339973,425.29618644067796,6.599152542372906,11139.652110935418,896.1200600483194,True,False,True,True,,,f,1.0749950248515872,7.404470876913027,
30,Diamond,hot,0.17169498971193412,168.5901234567901,9.57040740740741,139.63580246913588,9.402246913580246,5.957076107740671,0.16816049382716436,0.13469640161556073,完成,427.262962962963,9486327.160493828,422.9061728395061,134.82822592834856,2.3084570756925163e-05,1225.1517083191293,0.032441677014714745,0.8717829625710353,2.145325290776165,32566.82109902706,7.73995892073845,425.08456790123455,4.3567901234569035,16263.634653564266,1302.9792896045187,True,False,True,True,,,f,1.0474849421121994,7.389088481912896,
31,Diamond,hot,0.04855517676767677,192.419696969697,8.564439393939399,136.72727272727272,8.544787878787881,3.192033342485596,0.01965151515151753,-0.04096861326458926,完成,437.7234848484848,8554613.63636364,428.2030303030303,115.55644355649586,2.3129644818133965e-05,1178.0678728108132,0.03232149827032341,0.8430392440930643,0.7078768716758681,9191.917667600963,9.693223674922294,432.96325757575755,9.520454545454527,3988.0522146939406,320.6952671931661,True,False,True,True,,,f,1.3351817209773915,7.259853488577251,
32,Diamond,hot,0.07456108695652174,200.89999999999998,9.074565217391303,141.90144927536232,9.037304347826089,5.215076536902769,0.03726086956521435,0.0123396568809081,完成,444.5507246376811,9055934.782608695,432.5166666666666,120.20701680516926,2.3535052029323206e-05,1184.0427301851778,0.03305999960947334,0.8429070656088246,1.044957823570989,13871.921347490364,8.10788256581847,438.53369565217383,12.034057971014533,5154.656002591789,405.2472188022042,True,True,True,True,,,f,1.2318123128668705,6.5820762474345695,
33,Diamond,hot,0.09960358828006084,209.41232876712328,9.677123287671236,145.8534246575343,9.61439726027397,7.552702832924385,0.06272602739726629,0.060057018948655186,完成,450.78287671232874,9645760.273972603,435.2212328767123,126.16478377512082,2.3943355765568837e-05,1192.3720944193524,0.033803882236961805,0.8445594817036296,1.3300047357049376,18215.0142669166,8.02758786771038,443.0020547945205,15.56164383561645,5772.95306528977,443.86882734270216,True,True,True,True,,,f,1.1689983124384493,6.867065403170163,
34,Diamond,hot,0.1293984982638889,221.13750000000005,9.274999999999997,147.37656249999995,9.162593750000001,11.19906844328477,0.11240624999999582,0.1064148949006088,完成,457.40703125,9218796.874999998,435.68046874999993,117.47093266527267,2.4044217472453195e-05,1174.4238162752795,0.033889889297543226,0.8332308611405909,1.8557316291104453,23564.495090082444,7.936180004621697,446.54374999999993,21.726562500000057,6131.150547739814,470.21343017986015,True,True,True,True,,,f,1.113194091991046,7.129197021183555,
35,Diamond,hot,0.14937667257683215,214.89361702127664,9.680765957446807,145.24468085106386,9.539744680851069,12.333562577761088,0.1410212765957386,0.10957963225107388,完成,453.2191489361702,9610255.319148937,431.69893617021273,124.63127534025666,2.4016768930892346e-05,1188.546982547129,0.033913177238428904,0.8417099360126524,2.01916631586635,27233.76912297619,7.926751150753415,442.45904255319147,21.520212765957467,6816.996663060261,522.4536902228438,True,True,True,True,,,f,1.0832266201148992,7.317721890838147,
36,Diamond,hot,0.1766349547803618,165.81511627906974,9.442523255813954,134.23139534883722,9.265034883720931,6.709376963562134,0.17748837209302337,0.16176521379602057,完成,423.17325581395346,9353779.069767443,416.1680232558139,134.8294111081849,2.2897670706105293e-05,1228.992536027381,0.03213328741072394,0.8757605790693116,2.2070306501148402,33777.29726273296,7.718809922673197,419.67063953488366,7.005232558139539,11392.282249251939,921.4648577589484,True,False,False,True,,,f,1.0403592805351998,7.419369507332459,
37,Diamond,hot,0.04859173611111111,220.73749999999998,8.425104166666669,145.62916666666666,8.405479166666668,4.232131890292765,0.019625000000001336,-0.00419915400550702,完成,456.3333333333333,8415291.666666668,442.5489583333333,106.74585599018299,2.3771663122322197e-05,1155.9861208392665,0.03334121562339944,0.8241964824877395,0.7668805842666251,8950.399055885377,8.928632813634248,449.4411458333333,13.784375000000011,3651.9364771407377,284.6852614839058,True,True,True,True,,,f,1.342261267084924,6.6519335933943315,
38,Diamond,hot,0.07454945454545456,228.9090909090909,8.920981818181819,151.26363636363632,8.880036363636364,6.742355999065299,0.040945454545454396,0.03160182249216559,完成,463.2363636363636,8900509.090909092,446.6172727272726,111.02130497417222,2.4162035729024272e-05,1162.074928288521,0.03408260447475562,0.8238248329263543,1.1312393224515653,13509.84909317993,8.231371252950785,454.92681818181813,16.61909090909097,4825.646633456484,367.9984092698071,True,True,True,True,,,f,1.2381353258349408,6.6481999836325905,
39,Diamond,hot,0.09908756038647344,226.0565217391304,9.324282608695652,150.50652173913045,9.25654347826087,8.788459945950013,0.06773913043478252,0.06962703123735331,完成,461.4315217391304,9290413.04347826,442.6478260869564,116.95673030044905,2.4209307031140947e-05,1172.4643331571533,0.034192533178040205,0.8301388164680683,1.4272835752182627,17921.581329113207,8.120367225142186,452.03967391304343,18.783695652174003,5565.226384333742,423.03349726283363,True,True,True,True,,,f,1.1726304388966633,6.92491594605262,
40,Diamond,hot,0.12387733539094649,230.60555555555558,9.078555555555555,153.0185185185185,8.969370370370374,11.175377509532431,0.10918518518518106,0.09731778268749339,完成,464.962037037037,9023962.962962965,443.25092592592586,112.09014183215618,2.4259570781344294e-05,1163.5572999306064,0.034267986011738846,0.8237251137591458,1.861833271619867,22358.789758390394,8.025951466754025,454.1064814814814,21.711111111111165,6122.53467336543,464.37183555655673,True,True,True,True,,,f,1.1243119984924916,7.138544707799473,
41,Diamond,hot,0.14922191414141417,213.82181818181817,9.491709090909088,152.8945454545454,9.344836363636366,10.673411607192813,0.14687272727272216,0.1251427417073633,完成,456.50818181818175,9418272.727272727,439.9981818181818,120.59612643674109,2.4072580683710198e-05,1180.1677360217445,0.03395421481579685,0.836705640222248,2.08456575430232,27142.4786884996,8.004946067302544,448.2531818181818,16.509999999999934,7689.662607435907,588.622409816428,True,True,True,True,,,f,1.08391110789683,7.385242211268564,
42,Diamond,hot,0.048480335917312656,196.80930232558143,8.366348837209301,157.40697674418607,8.349674418604652,2.2142274299797804,0.016674418604649688,-0.12521388204862086,重做,450.25813953488375,8358011.627906975,449.88837209302324,108.01875002471051,2.353027240835054e-05,1159.5048207065968,0.032951255527266674,0.8279946804286474,0.7561062424325586,9021.488820462006,7.712012279358643,450.0732558139535,0.36976744186051747,71227.00091564828,5618.183120625388,True,False,True,True,,,f,1.3401524611689264,5.754578305689164,
43,Diamond,hot,0.0744628888888889,203.15399999999997,8.878619999999998,160.33,8.841479999999997,3.7185224974398503,0.03714000000000084,-0.03545284776387364,完成,454.89199999999994,8860049.999999998,451.777,113.40980895716255,2.384705146070365e-05,1167.9882376624846,0.0335345130434856,0.830579396603004,1.106128578286097,13672.399579612149,7.644724895204333,453.33449999999993,3.1149999999999523,14199.186480622151,1100.5116842224606,True,False,True,True,,,f,1.2352708223601847,6.188703527051541,
44,Diamond,hot,0.09855521739130435,194.80869565217392,8.435391304347826,160.51304347826087,8.365086956521738,3.8957462256012314,0.07030434782608808,0.040215285531717826,完成,450.8108695652174,8400239.130434781,449.7413043478261,108.42103648020434,2.3562983230941844e-05,1160.100646884687,0.03301119127253996,0.828065605481114,1.5313780440633475,18314.23978261004,7.8974267018336075,450.27608695652174,1.0695652173913004,43324.592647658304,3411.1160144610367,True,False,True,True,,,f,1.1677864003124054,6.762732208322424,
45,Diamond,hot,0.1241530620155039,199.9325581395349,9.309511627906979,168.13255813953486,9.206093023255814,4.593393660889931,0.10341860465116426,0.05966754288290071,完成,457.1825581395349,9257802.325581396,456.53023255813946,118.0979506624922,2.4047898198204915e-05,1175.5828540873076,0.033899134302263705,0.8339533554625002,1.7710524551561027,22605.7989241632,7.973982362074476,456.85639534883717,0.6523255813954165,83756.85416257716,6421.772986554345,True,False,True,True,,,f,1.1219753506944552,7.107092287846537,
46,Diamond,hot,0.14918280960648142,200.62812499999993,9.545666666666664,171.0218749999999,9.399083333333332,5.124184006569968,0.14658333333333218,0.17524409760155918,完成,458.9749999999999,9472374.999999998,457.5520833333333,120.38844381046505,2.4176261786554836e-05,1179.0237362846808,0.03414408959930488,0.8348263736269231,2.087614631862282,27018.994464441847,7.979596579515174,458.2635416666666,1.4229166666665947,42834.76127520878,3260.648714811545,True,False,False,True,,,f,1.0848414637566348,7.355541658486292,
47,Diamond,hot,0.04845312934027778,217.57187500000003,8.546093749999999,165.053125,8.527359375,2.9357275886697183,0.018734374999999304,-0.08922747486178641,其他,464.4625,8536726.5625,460.48281249999997,105.7348407729544,2.410602681896918e-05,1153.0981398407253,0.03395737114005132,0.8185738103595138,0.7720049165761065,8801.07548108971,8.491076781883844,462.47265625,3.9796875000000114,8774.409191650033,671.5943311605304,True,False,True,True,,,f,1.3467609750267724,6.304813503907068,
48,Diamond,hot,0.0738124888888889,230.2199999999999,7.925506666666665,169.63466666666665,7.880853333333333,5.073653287436329,0.04465333333333277,0.0011412436085391515,完成,473.0773333333333,7903179.999999999,464.6433333333333,94.9211564221107,2.4262859233213004e-05,1135.383129702896,0.03420777469643912,0.8053035105675488,1.3100358472106652,13320.711453354566,7.829000327192385,468.8603333333333,8.433999999999969,7155.472053287087,543.6716235596133,True,False,True,True,,,f,1.2415229712139837,6.305964938801774,
49,Diamond,hot,0.09846829487179484,238.87846153846155,8.487184615384614,171.10769230769242,8.410061538461541,7.623317695036835,0.07712307692307263,0.07829628417627424,完成,478.14307692307693,8448623.076923078,464.12307692307695,100.46168784889066,2.4589522631781268e-05,1144.0485441148173,0.034847122573987185,0.8072863837649397,1.6512479738576986,17534.196521388687,8.041574486462597,471.13307692307694,14.019999999999982,6467.6588769591635,482.395649189153,True,True,True,True,,,f,1.1775395716307757,6.829133118070769,
50,Diamond,hot,0.12366313200815496,240.78715596330267,9.017366972477063,174.3394495412844,8.902082568807336,9.441269830662879,0.11528440366972781,0.08916076115210635,完成,480.71330275229354,8959724.7706422,466.44862385321096,106.17236265460654,2.4815125650103564e-05,1152.6913886311684,0.03529282534552904,0.8104814892157233,1.962208309286,21820.430417912605,8.054723962373354,473.58096330275225,14.264678899082583,7872.624010141455,579.7707256279917,True,True,True,True,,,f,1.129516282495925,7.131126914412066,
51,Diamond,hot,0.14907571568627445,212.1658823529412,9.313870588235297,170.51411764705875,9.159023529411767,7.176001308647562,0.15484705882352934,0.13969153399598463,完成,464.48999999999995,9236447.058823533,458.20411764705887,115.11439594538841,2.4303145677870782e-05,1168.671579305791,0.03435985520777494,0.8266156964197298,2.1816928821290564,26858.636572257925,8.071753660536425,461.34705882352944,6.285882352941087,13578.986648563616,1027.1626889170834,True,False,True,True,,,f,1.0860574055505148,7.432161153990668,
1,Diamond,cold,0.05052895185185185,101.15066666666665,8.870613333333333,126.96666666666664,8.868973333333333,1.7338655002535126,0.0016400000000000858,-0.04079505103145942,其他,387.20866666666666,8869793.333333334,389.38066666666657,148.9113124358378,2.1543794656136528e-05,1324.6653961928816,0.030247554886625363,0.9434917761332187,0.5716483428623327,10269.697194926172,0.9625871636419954,388.2946666666666,2.171999999999912,9495.256146905169,815.9050302984226,True,False,True,True,,,f,1.306239350733227,0.7369148411442891,
2,Diamond,cold,0.07537820669934639,100.88382352941179,9.151205882352942,135.26323529411764,9.140426470588235,3.451870515911202,0.010779411764707092,0.02465547626258928,完成,391.2235294117647,9145816.176470589,396.43308823529406,151.45009696031073,2.179932251360874e-05,1323.0425509414333,0.030674606107296467,0.9402380316251073,0.8384797838096206,15140.574492467098,2.8914928396179285,393.82830882352937,5.209558823529392,7881.423250252084,667.8037528637816,True,False,True,True,,,f,1.2111804809486255,2.3873344106018304,
3,Diamond,cold,0.10150222222222219,99.81521739130434,9.373021739130433,127.87173913043478,9.345391304347826,3.906193577723537,0.027630434782606628,0.11340636113401562,完成,386.99347826086955,9359206.521739129,390.02173913043475,159.30333054595735,2.179408278909153e-05,1359.055107868868,0.030835036494899316,0.9605748169207263,1.0734134814840124,20392.783289987925,4.299426997223931,388.50760869565215,3.0282608695652016,15343.045658731568,1293.273295240947,True,False,True,True,,,f,1.1441170838138255,3.75785578071444,
4,Diamond,cold,0.12559551724137935,100.85,9.606620689655172,128.6189655172414,9.570862068965518,4.829067657931537,0.03575862068965385,0.15972783225095732,完成,387.88448275862066,9588741.379310345,391.70862068965516,163.38465913051016,2.1942912561398054e-05,1369.8605696811062,0.03113716226436196,0.9653651301494216,1.2950281628743803,25062.212973500533,3.7272872427649224,389.7965517241379,3.8241379310344996,15020.377317181843,1253.7906066419175,True,False,False,True,,,f,1.1003161034777695,3.3874695017041776,
5,Diamond,cold,0.1473784705882353,98.98588235294119,9.894423529411762,128.29999999999998,9.821211764705879,6.13821313506043,0.0732117647058832,0.11606466326639468,完成,386.79294117647055,9857817.64705882,392.45764705882345,170.16469081653247,2.20703381819934e-05,1395.692876861311,0.03147168086127497,0.9787660826349809,1.4590861902223797,29239.140851687087,5.772066676042138,389.625294117647,5.664705882352905,12888.895394750985,1064.4345425497806,True,False,True,True,,,f,1.0688601288773114,5.400207679282499,
6,Diamond,cold,0.17761230158730162,96.0157142857143,10.074228571428572,134.4057142857142,9.974471428571427,9.74174854966575,0.0997571428571451,0.16880020356645348,完成,388.3607142857142,10024349.999999998,398.99928571428575,172.25758821415934,2.2202798799720622e-05,1397.517790357537,0.03170275792300546,0.9787415465145427,1.7370448438236876,35027.15535796582,5.481827760022598,393.67999999999995,10.638571428571538,10891.926505862355,892.9576392202403,True,True,False,True,,,f,1.0333198924948455,5.30506361083138,
7,Diamond,cold,0.20004338888888887,93.36588235294118,8.95412941176471,120.01176470588233,8.817517647058825,7.519957538536325,0.13661176470588465,0.1700513043288697,完成,379.83882352941174,8885823.529411767,386.4076470588235,155.2923227108487,2.134498809664499e-05,1366.6488123402326,0.03011098379604587,0.9687861024164539,2.1701540722313752,41036.26599051389,5.335053592396786,383.12323529411765,6.568823529411759,13616.920255782554,1175.3768920984146,True,False,False,True,,,f,1.0032695957957738,5.317666970825649,
8,Diamond,cold,0.050946107142857126,102.06857142857143,9.848600000000005,140.35714285714292,9.843,2.6556124799974152,0.005600000000004712,-0.0013978087698367015,完成,394.36285714285714,9845800.000000002,401.19285714285706,163.09798615496635,2.224650604224613e-05,1351.0617818505937,0.03156356360657782,0.9522500205624224,0.5262338208820271,10027.409305121206,3.541308175787139,397.7778571428571,6.829999999999927,4624.822804075844,380.83097691205455,True,False,True,True,,,f,1.3123999962518023,2.698345158412885,
9,Diamond,cold,0.07601385521885524,105.16666666666667,10.262484848484847,150.76060606060605,10.248227272727277,4.697753392658372,0.014257575757570251,0.04363556977740921,完成,401.1136363636364,10255356.06060606,410.7719696969697,165.61259687586394,2.2633932207388215e-05,1341.8105756453597,0.03217739445630408,0.9438442769365857,0.7732425472688249,14705.246148642133,4.112469045112619,405.942803030303,9.658333333333303,5785.476388323043,467.3168603880436,True,False,True,True,,,f,1.2180096836954977,3.3763845231798144,
10,Diamond,cold,0.10247916122004361,105.4803921568627,10.588843137254901,154.33529411764707,10.56109803921569,6.845940954106681,0.02774509803921177,0.10595983352995904,完成,403.05784313725485,10574970.588235296,414.18921568627445,170.21997337382138,2.2849281952756862e-05,1350.1755822171165,0.03257848149923745,0.9469607281889014,1.0142415415153816,19638.23963809277,4.525585387540556,408.62352941176465,11.131372549019602,7315.357105792503,583.6169450976266,True,True,True,True,,,f,1.1523512484673006,3.9272621030782653,
11,Diamond,cold,0.12500714546783626,107.58157894736841,9.091828947368418,152.25526315789466,9.03851315789474,7.18191257179511,0.0533157894736771,0.1195231706884472,完成,403.0684210526315,9065171.052631581,413.0881578947368,141.5661504524969,2.2121978720221313e-05,1271.1936530462042,0.030983531590600993,0.9076214846502283,1.4876191700056451,24742.889629137015,4.860653875569253,408.07828947368415,10.019736842105317,8525.795258460394,715.1994635515699,True,True,True,True,,,f,1.1029814265709006,4.406832026791891,
12,Diamond,cold,0.15100304513888885,102.23249999999999,9.318425000000001,153.7725000000001,9.246212499999999,10.191640203129715,0.07221250000000268,0.1295807995270846,完成,401.15250000000003,9282318.75,415.556875,146.89184959001304,2.21597844071562e-05,1289.0950351946433,0.031131194120304233,0.9176027090338147,1.7318264039931939,29837.313984194952,4.6815296112764635,408.3546875,14.404374999999959,8415.903841564217,702.6324196952231,True,True,True,True,,,f,1.0648058737779809,4.396603856688148,
13,Diamond,cold,0.17710196225071223,100.60769230769228,9.497692307692306,149.58717948717947,9.398166666666667,11.578844277416106,0.09952564102563954,0.13522930871810113,完成,398.2474358974358,9447929.487179486,413.4147435897436,152.1302113420883,2.2151300434468405e-05,1309.5635988272134,0.03121117702482985,0.9294278358226512,1.9612107051476428,35007.70943028519,4.857947438016738,405.8310897435897,15.167307692307759,9080.459307286712,756.1724820640272,True,True,True,True,,,f,1.0334270692176486,4.700813035306329,
15,Diamond,cold,0.07513952947845803,110.57142857142857,9.038816326530615,181.44285714285715,9.028775510204087,6.595629004335648,0.010040816326528201,0.0484520692482956,完成,419.15714285714284,9033795.91836735,436.4469387755102,131.66002127176014,2.2640324493749355e-05,1225.6966033980964,0.03167168430745165,0.8761822883316093,0.9614592917739451,14531.999491506289,2.3563245436896962,427.80204081632655,17.28979591836736,4537.508510645301,372.36554768706804,True,True,True,True,,,f,1.2207977608841927,1.930151429818376,
16,Diamond,cold,0.1009679139433551,102.80784313725492,8.861725490196074,173.61764705882356,8.823313725490195,8.966533156623282,0.03841176470587904,0.08675604878351884,完成,411.3627450980392,8842519.607843133,431.4980392156863,132.6239246921628,2.230164431089512e-05,1236.477421858124,0.03113300670042541,0.8857313373576506,1.2825604942206321,19823.76079036877,5.028847595773465,421.43039215686275,20.13529411764705,5296.850086521157,442.20109705692903,True,True,True,True,,,f,1.1502910326049771,4.371804572261173,
17,Diamond,cold,0.1250834777777778,101.64000000000006,9.146519999999999,177.20200000000006,9.08838,11.97528793887595,0.05813999999999808,0.08456119891370033,完成,412.571,9117450.0,436.086,136.717115895058,2.2452310464985248e-05,1245.1540718020196,0.03143321263449004,0.8893963885245431,1.5413221165229702,24393.743826529455,5.112662512628721,424.3285,23.514999999999986,6057.48129888792,500.8717193752868,True,True,True,True,,,f,1.105944237614805,4.622893577035334,
18,Diamond,cold,0.15050370020964363,96.0660377358491,8.910339622641509,173.56037735849063,8.821981132075472,14.852976284404773,0.08835849056603706,0.12931648744799246,完成,407.9632075471699,8866160.37735849,433.3028301886792,134.9717631864329,2.2197084096228493e-05,1246.648623456658,0.030999129220830344,0.8926690855148384,1.878540691190953,29688.673930366273,5.298414862681609,420.63301886792453,25.339622641509322,6972.113446219134,584.5721888632839,True,True,True,True,,,f,1.0658040184569724,4.971284373981286,
19,Diamond,cold,0.17615957924836606,99.4191176470588,9.09938235294117,148.68823529411753,8.991132352941175,11.430259705079203,0.10824999999999463,0.11596375428768783,完成,397.2036764705881,9045257.352941172,413.58235294117645,145.1024469755951,2.192934147327072e-05,1291.3828889761176,0.03074757726354236,0.921021389827497,2.045256957130822,35173.875658799734,5.093768675580051,405.39301470588225,16.378676470588346,8300.961397518888,701.6825754119094,True,True,True,True,,,f,1.032513559062653,4.933367345029665,
21,Diamond,cold,0.07486368908382068,102.32105263157894,8.711719298245615,190.28421052631586,8.704526315789476,8.103945472586286,0.0071929824561394184,0.03880409585008908,完成,419.4526315789474,8708122.807017546,443.8982456140351,126.10654918045608,2.252887613978794e-05,1212.5732182238742,0.03141884773739325,0.8694752930508398,1.0001149819324062,14550.276514002411,1.6287457669768943,431.67543859649123,24.445614035087715,3943.1805250705183,326.1967321222534,True,True,True,True,,,f,1.2205016808462843,1.3344887537127663,
22,Diamond,cold,0.10093650943396226,100.54339622641508,9.072603773584907,188.49811320754716,9.049452830188681,11.115324075914893,0.023150943396226253,0.08393725479956574,完成,417.6707547169811,9061028.301886793,444.3801886792453,132.9084741548351,2.2600373083215065e-05,1230.1367117292189,0.031622104855448106,0.8791808374403597,1.2794165387976593,19555.648541051007,3.0393023577805143,431.02547169811317,26.7094339622642,4950.038144579371,406.85622991271265,True,True,True,True,,,f,1.1532761459488845,2.635363931229028,
23,Diamond,cold,0.12426900641025641,99.29615384615384,8.51725,195.92884615384608,8.461211538461539,14.708757552722803,0.056038461538461704,0.092834315368692,完成,420.76249999999993,8489230.769230768,451.06442307692305,121.888868329613,2.249622283949653e-05,1201.8428000778536,0.03131321834171383,0.8634348329688839,1.7175727124279747,24187.59959066534,4.451165092219614,435.9134615384615,30.301923076923117,5773.735686653204,479.23926300253606,True,True,True,True,,,f,1.1077180168813792,4.018319666544045,
24,Diamond,cold,0.1503382490079365,100.03214285714292,9.016035714285715,184.92678571428564,8.933874999999999,16.039972855235398,0.08216071428571681,0.10894281992911364,完成,415.6294642857142,8974955.357142856,444.18660714285704,132.55590388540884,2.2497995539389812e-05,1231.4782012897306,0.03145049826106286,0.8809332955393324,1.9106747435582263,29259.386198150245,4.849237019830391,429.90803571428563,28.55714285714282,6680.97698100592,552.1227525448438,True,True,True,True,,,f,1.0687212656048257,4.537419789327428,
25,Diamond,cold,0.05054857344632767,131.27627118644062,9.031745762711866,158.50508474576276,9.022644067796607,1.6949267326805493,0.009101694915258918,-0.1258203782734355,重做,418.04067796610167,9027194.915254237,419.6610169491525,132.14145955103393,2.2599874922330516e-05,1227.9496133251016,0.03161146537302314,0.8778937434439289,0.6444454397818642,9793.601259678308,4.736883151701757,418.8508474576271,1.6203389830508286,12442.17053027009,1022.9978484853858,True,False,True,True,,,f,1.3185261062933002,3.59255924406252,
26,Diamond,cold,0.07552020833333331,131.54285714285712,9.499910714285713,165.82142857142853,9.478803571428571,3.2179519611146112,0.02110714285714188,-0.02978528732767698,完成,421.8321428571428,9489357.142857142,425.3642857142857,137.802014219342,2.2905498666671302e-05,1237.1090761513344,0.03218196766600815,0.8805117383870091,0.923259881226205,14436.535335591627,5.132249511858061,423.5982142857142,3.532142857142901,10836.583874893211,875.191320253975,True,False,True,True,,,f,1.222351805216169,4.198668083899495,
27,Diamond,cold,0.10123971088435373,131.25510204081633,9.274367346938776,169.66326530612244,9.233734693877553,4.794130647068258,0.04063265306122332,0.01375405269657326,完成,423.6091836734694,9254051.020408165,429.3081632653061,132.96298104795943,2.2874571086583823e-05,1224.3764102216558,0.032073138493609245,0.8732255883823827,1.282733696232023,19379.2732628625,5.3046072759482765,426.45867346938775,5.698979591836746,10006.077534470258,810.859489223069,True,False,True,True,,,f,1.1552674891540393,4.591670176603558,
28,Diamond,cold,0.12490543028322446,129.92745098039217,8.94935294117647,164.46862745098034,8.890019607843142,5.3076627887623635,0.05933333333332769,0.0728841036506909,完成,420.34803921568624,8919686.274509806,425.9039215686274,129.1487908062866,2.2638146985343617e-05,1218.7550816540638,0.03163697144395718,0.8720922205367749,1.6293235175342153,24159.057881946497,4.9428286801542,423.12598039215686,5.5558823529411825,11363.219155551868,933.5330103326116,True,False,True,True,,,f,1.1079650629391475,4.461177383194865,
29,Diamond,cold,0.15084544256120527,130.63220338983047,9.404084745762711,167.06101694915256,9.320508474576277,6.851171891817651,0.08357627118643407,0.10855225280020263,完成,421.9966101694915,9362296.610169495,428.5957627118644,135.60277471304533,2.2861658282672445e-05,1231.917156699281,0.03208344033431016,0.8778257186746292,1.87404479688846,28891.09580629273,5.012291099979393,425.29618644067796,6.599152542372906,12348.886442987778,1000.3916643952609,True,False,True,True,,,f,1.0712658474728722,4.678848963404781,
30,Diamond,cold,0.17182681069958844,134.05308641975304,9.497740740740742,165.45925925925926,9.390456790123455,6.75947282360337,0.1072839506172869,0.13469640161556073,完成,422.9061728395061,9444098.765432099,427.262962962963,136.4619044199012,2.2923400689637283e-05,1232.9478571705995,0.03219504163227723,0.8778792114067596,2.121269521041344,32820.97160173153,4.990148073950147,425.08456790123455,4.3567901234569035,18454.28771858951,1489.812094447307,True,False,True,True,,,f,1.0459624496599187,4.770867324704276,
31,Diamond,cold,0.05055712962962962,130.0939393939394,9.043318181818178,180.01212121212126,9.037530303030303,3.061260162949629,0.005787878787874234,-0.04096861326458926,完成,428.2030303030303,9040424.24242424,437.7234848484848,127.22118575434958,2.295397368590908e-05,1207.8790150490813,0.03214029121055007,0.8626438057318359,0.6694826408365046,9644.152729728847,2.8990997207126727,432.96325757575755,9.520454545454527,3824.667245831156,309.2908331424272,True,False,True,True,,,f,1.322539679344524,2.192070125373873,
32,Diamond,cold,0.0755380998389694,130.83768115942027,9.565579710144926,187.895652173913,9.547826086956519,5.279428791975824,0.017753623188406564,0.0123396568809081,完成,432.5166666666666,9556702.89855072,444.5507246376811,133.26122940366523,2.3287029803753818e-05,1217.3708268034206,0.03276157682237394,0.8653109366406098,0.9549455099419475,14203.373473827362,4.1726101221496,438.53369565217383,12.034057971014533,5218.262689002933,413.98474766570024,True,True,True,True,,,f,1.2262017814214474,3.4028739685181293,
33,Diamond,cold,0.10180482496194826,130.16301369863015,9.881671232876714,193.97945205479448,9.851164383561644,8.006295650074886,0.03050684931507064,0.060057018948655186,完成,435.2212328767123,9866417.80821918,450.78287671232874,136.74022227326972,2.349018662842049e-05,1222.4457101492665,0.03313574431143851,0.8666012631140946,1.2542624791029129,18976.73287056952,4.050475606202759,443.0020547945205,15.56164383561645,6119.659416921574,480.0137981801645,True,True,True,True,,,f,1.159897148953173,3.4920989415814856,
34,Diamond,cold,0.13150782552083337,124.41406249999996,9.885968750000002,200.64687499999997,9.827031250000001,12.390816134661643,0.05893750000000075,0.1064148949006088,完成,435.68046874999993,9856500.0,457.40703125,136.3512772952852,2.350180396794161e-05,1221.2833143342189,0.03315126510241266,0.8657998708083072,1.6248330219964624,24501.34622210925,4.676240434284644,446.54374999999993,21.726562500000057,6783.596288897392,531.8425582391113,True,True,True,True,,,f,1.1050256350678422,4.231793621690549,
35,Diamond,cold,0.15152653664302607,122.25106382978724,9.869021276595745,194.84680851063828,9.794893617021275,13.685069829377754,0.07412765957447043,0.10957963225107388,完成,431.69893617021273,9831957.44680851,453.2191489361702,138.02965980291694,2.3361113768537863e-05,1228.0859888694997,0.032934419962060694,0.8711086011709622,1.849407565818563,28401.070010051702,4.48460728223725,442.45904255319147,21.520212765957467,7564.000650455202,596.9318306079249,True,True,True,True,,,f,1.074713455220693,4.1728399886054595,
36,Diamond,cold,0.17805390503875979,126.08255813953488,10.074593023255817,159.953488372093,9.980395348837211,7.794720762510858,0.09419767441860571,0.16176521379602057,完成,416.1680232558139,10027494.186046515,423.17325581395346,150.3782673766015,2.2948052647260816e-05,1273.7903617310114,0.0324137286181918,0.9018094964295811,1.9947238342380464,33973.88522848961,4.496466450226097,419.67063953488366,7.005232558139539,13235.157222927004,1061.2637064646212,True,False,False,True,,,f,1.0392313098988801,4.326723422780262,
37,Diamond,cold,0.050912569444444424,134.82916666666662,9.185770833333331,203.96875,9.175270833333332,4.214360516713808,0.010499999999998622,-0.00419915400550702,完成,442.5489583333333,9180520.833333332,456.3333333333333,122.8818034119825,2.3504308346016625e-05,1190.1080128093424,0.033030493969933,0.8468739742008958,0.6979973755292129,9484.557843613895,5.009287409837711,449.4411458333333,13.784375000000011,3636.601433454924,286.156645590098,True,True,True,True,,,f,1.3269136602961118,3.7751419400715545,
38,Diamond,cold,0.0759317070707071,135.58909090909086,9.734799999999998,211.3454545454544,9.713018181818184,6.955426736526748,0.021781818181814572,0.03160182249216559,完成,446.6172727272726,9723909.090909092,463.2363636363636,129.12337543764062,2.3825224691765885e-05,1199.9148155795685,0.033629420814212295,0.8500961182203954,0.9906828475719658,13954.867217359626,4.909098852715622,454.92681818181813,16.61909090909097,4978.1458617768585,384.7436219008931,True,True,True,True,,,f,1.2303927266321741,3.9898633553798604,
39,Diamond,cold,0.10186187801932367,131.08913043478256,9.227369565217387,207.90652173913028,9.18413043478261,9.400374321134903,0.04323913043477745,0.06962703123735331,完成,442.6478260869564,9205749.999999998,461.4315217391304,123.21359955609856,2.3516039771427884e-05,1190.6990891246846,0.03305343758409287,0.847129048663139,1.392737869097313,18966.49333986101,5.167272254728718,452.03967391304343,18.783695652174003,5952.716575638655,468.08181734457526,True,True,True,True,,,f,1.1600164893738234,4.454481726822702,
40,Diamond,cold,0.12538209362139918,128.90925925925922,8.71312962962963,211.2925925925925,8.642055555555554,12.26294046945581,0.07107407407407607,0.09731778268749339,完成,443.25092592592586,8677592.592592593,464.962037037037,115.18836221519854,2.336915833509579e-05,1175.0221656541548,0.03273138350740411,0.838928150721389,1.8337632489495233,23492.649334409798,5.240803601238243,454.1064814814814,21.711111111111165,6718.366172204685,533.4853614939591,True,True,True,True,,,f,1.1138368843098423,4.7051805116738965,
41,Diamond,cold,0.15202578282828288,133.92909090909092,9.013672727272729,199.76727272727274,8.919709090909093,12.009111599088117,0.09396363636363603,0.1251427417073633,完成,439.9981818181818,8966690.90909091,456.50818181818175,120.78208413579043,2.3344171061419887e-05,1187.2950436427711,0.03273789342135988,0.8466158235181139,2.1204648600963325,28515.32602196381,4.941706449283313,448.2531818181818,16.509999999999934,8651.96806893497,686.8902892863903,True,True,True,True,,,f,1.0739031545037032,4.6016313748208395,
42,Diamond,cold,0.050670335917312646,160.5395348837209,9.087116279069766,192.93720930232556,9.086511627906978,1.9369754177334713,0.0006046511627886275,-0.12521388204862086,重做,449.88837209302324,9086813.953488372,450.25813953488375,118.50747974817183,2.3735238351165938e-05,1178.7209463479278,0.03338884187520306,0.837921324604488,0.7203181730779323,9347.5917381403,0.2808614886544439,450.0732558139535,0.36976744186051747,62308.391624319294,4850.297581237148,True,False,True,True,,,f,1.3307425185940973,0.21105622216923556,
43,Diamond,cold,0.07563137222222223,158.71,9.495980000000001,198.544,9.4801,3.586690285431576,0.015880000000001004,-0.03545284776387364,完成,451.777,9488040.000000002,454.89199999999994,123.48498803817904,2.392765391976643e-05,1187.0636905284164,0.03375533750253901,0.8414565301131474,1.0318205348220928,13840.16957904958,3.4499262212345214,453.33449999999993,3.1149999999999523,13695.784883954302,1054.5512010879033,True,False,True,True,,,f,1.2323585344145562,2.799450099052093,
44,Diamond,cold,0.10111146135265699,159.5217391304348,8.67917391304348,193.6608695652174,8.637695652173914,4.052414772422897,0.04147826086956563,0.040215285531717826,完成,449.7413043478261,8658434.782608697,450.8108695652174,112.45484239843405,2.3599695840057323e-05,1167.7061878071524,0.03310714987569077,0.8323733986849773,1.5147416831472194,18760.03012615902,4.591420099914881,450.27608695652174,1.0695652173913004,45066.90351152925,3538.010550658757,True,False,True,True,,,f,1.1624398722219205,3.9498129835642257,
45,Diamond,cold,0.12538403100775197,166.87674418604644,8.891976744186046,199.88372093023256,8.820837209302328,4.867470174129125,0.07113953488371827,0.05966754288290071,完成,456.53023255813946,8856406.976744186,457.1825581395349,112.76745208807496,2.3905480596092398e-05,1166.447628643406,0.03361501503112346,0.829524875329529,1.8731597220086351,22965.94385221762,5.135224551127284,456.85639534883717,0.6523255813954165,88754.4198500596,6862.460837103931,True,False,True,True,,,f,1.1186239718310698,4.590661992270255,
46,Diamond,cold,0.15183592881944438,167.7770833333333,9.521374999999997,201.0270833333334,9.428166666666666,6.022167008745664,0.09320833333333134,0.17524409760155918,完成,457.5520833333333,9474770.83333333,458.9749999999999,120.97577702622684,2.4126721981942136e-05,1180.4913647884066,0.03405511667672834,0.8363320916118356,2.114425953384728,27555.97490932552,4.9221309917482765,458.2635416666666,1.4229166666665947,50341.30036086498,3842.069850621426,True,False,False,True,,,f,1.0808329344204448,4.554016476549709,
48,Diamond,cold,0.07536693333333332,162.71333333333337,9.204186666666669,220.27333333333337,9.19794666666667,5.0794435618225595,0.006239999999998247,0.0011412436085391515,完成,464.6433333333333,9201066.66666667,473.0773333333333,114.58290536183156,2.429848610259625e-05,1167.7558965204978,0.03434932278009041,0.826062877701761,1.1080959431845072,13581.294857739287,1.2667526946968652,468.8603333333333,8.433999999999969,7163.638190033982,542.0491444055353,True,False,True,True,,,f,1.2368710252962816,1.024159082709069,
49,Diamond,cold,0.10098074358974359,155.8369230769231,8.537076923076922,226.1092307692308,8.503907692307694,8.22019514365346,0.03316923076922862,0.07829628417627424,完成,464.12307692307695,8520492.307692308,478.14307692307693,105.6265655321516,2.4089055843894886e-05,1152.956991325314,0.033925284363882924,0.8186709668147254,1.6105779766391417,18355.166817634563,3.4576460657680603,471.13307692307694,14.019999999999982,6974.052534344762,534.2996837827106,True,True,True,True,,,f,1.1672888868340874,2.9621168373716498,
50,Diamond,cold,0.1256812742099898,158.37798165137613,9.140504587155966,228.2192660550459,9.081688073394494,10.2830606350072,0.05881651376147268,0.08916076115210635,完成,466.44862385321096,9111096.33027523,480.71330275229354,112.74484438016486,2.43379524063772e-05,1164.3846450569051,0.03441628830278803,0.8234106427977499,1.8779768495295284,22611.32891727297,4.22477832014445,473.58096330275225,14.264678899082583,8574.553159150015,647.5460600930893,True,True,True,True,,,f,1.1219233969574383,3.7656566674709637,
51,Diamond,cold,0.15188456209150325,162.4670588235295,9.61077647058824,207.64117647058825,9.52262352941176,8.178427939409733,0.08815294117647987,0.13969153399598463,完成,458.20411764705887,9566700.0,464.48999999999995,121.99938357577068,2.4177794519848275e-05,1182.0608961375801,0.03415277578403819,0.8368170610050162,2.0973569412769835,27506.573967074237,4.691549275607718,461.34705882352944,6.285882352941087,15475.856123612182,1177.7466451683254,True,False,True,True,,,f,1.0811977150327232,4.339214937635829,
1,Gyroid,hot,0.04842158547008547,133.8553846153846,7.990292307692308,114.13692307692307,7.976199999999998,1.1760995809555799,0.014092307692310513,0.06310627580241916,完成,397.1461538461538,7983246.153846153,387.04846153846154,125.15551973009919,2.14673873097476e-05,1234.8771916841524,0.02968318970752539,0.8930841737381182,0.5959949747964723,11948.373752519172,11.97845775924265,392.0973076923077,10.097692307692284,1690.0179333478009,195.78351905436548,True,True,True,True,169.60244921255656,1.1543672863414676,Nu,,,0.018907692307692313
2,Gyroid,hot,0.07425630847953218,146.48157894736846,8.44207894736842,122.08947368421052,8.41355263157895,2.215632342381699,0.028526315789470402,0.07721899168633363,完成,407.4355263157895,8427815.789473685,393.45131578947365,127.53198577609135,2.2003661308875447e-05,1228.2580030746292,0.030578589045451684,0.8838266886480088,0.8969491728854591,17876.701532859257,10.506181246321404,400.4434210526316,13.984210526315849,2298.9477106867967,258.52767232430153,True,True,True,True,225.95275390509033,1.1441669457717432,Nu,,,0.041421052631578956
3,Gyroid,hot,0.09885612573099417,148.20526315789465,8.781421052631579,123.85614035087715,8.731982456140353,2.957540856935217,0.049438596491226505,0.11196073729663221,完成,409.1807017543859,8756701.754385965,393.8614035087719,132.3444269796249,2.2193627719846963e-05,1238.4040073513966,0.030954961755808197,0.88789247173812,1.1506719560068528,23595.23323855951,10.661330595050739,401.52105263157887,15.319298245613993,2801.310391660358,311.1905108047985,True,True,True,True,276.403763830949,1.1258548237249237,Nu,,,0.07250877192982456
5,Gyroid,hot,0.14905966457023062,136.0924528301887,8.277716981132077,117.0075471698113,8.163,3.4268881764996566,0.11471698113207651,0.10360961797072639,完成,399.7,8220358.4905660385,386.12452830188676,128.07628830572935,2.1652618060333238e-05,1239.4585755803125,0.03002513082125614,0.8938353440793568,1.792854340780592,36466.888556053185,10.529868682136746,392.9122641509434,13.575471698113233,3662.809696529828,419.49310974403403,True,True,True,True,379.10667747363635,1.1065305220671198,Nu,,,0.16833962264150942
6,Gyroid,hot,0.17549941176470582,134.3617647058824,8.519426470588238,113.66764705882352,8.370941176470586,4.417628115548544,0.148485294117652,0.08639124848171727,完成,397.1647058823529,8445183.823529411,381.5926470588235,133.72991808929655,2.1660297006803337e-05,1258.9474314232034,0.0301322282461799,0.9049836957887736,2.02162540741124,42920.05237298586,10.266147114497205,389.3786764705882,15.572058823529403,4116.351651021668,469.7606177326741,True,True,True,True,428.1031018238046,1.0973072041090106,Nu,,,0.2198676470588235
7,Gyroid,hot,0.20110214456391873,135.14193548387095,8.763892473118286,112.8548387096774,8.576354838709678,5.472266773385403,0.18753763440860816,0.07109191145672465,完成,397.1483870967742,8670123.655913983,379.6123655913978,137.98060593103972,2.1757709040539805e-05,1271.0561475864,0.03035746833790501,0.9109873565722647,2.245185634092727,48961.25289670842,10.188725667474065,388.380376344086,17.536021505376368,4527.9908700330725,512.9031623107197,True,True,True,True,471.7585273510798,1.0872154557346672,Nu,,,0.27976344086021504
8,Gyroid,hot,0.048401428571428574,162.66428571428568,8.597328571428573,120.07285714285715,8.584071428571432,2.5170068678544304,0.013257142857140636,0.06783521110388549,完成,414.51857142857136,8590700.000000002,392.4321428571428,126.62721973492155,2.2312833294524365e-05,1218.4185721589513,0.031069328729675903,0.8750227827602852,0.5888229233822945,11490.857656492979,11.41057261581718,403.4753571428571,22.08642857142854,1653.5915953611054,183.01714280781175,True,True,True,True,163.77788908220595,1.1174716186258142,Nu,,,0.018314285714285714
9,Gyroid,hot,0.07449046810699587,167.35185185185185,9.014537037037037,126.09629629629629,8.98674074074074,3.758830827105586,0.027796296296298095,0.0628323631471634,完成,419.87407407407403,9000638.888888888,396.1916666666666,130.73299389360332,2.2652213410913876e-05,1222.8478476039886,0.03167967572099955,0.8743842789602977,0.8777464809555375,17419.634741142774,10.428396233628934,408.03287037037035,23.682407407407425,2303.0124340776574,249.98326744994688,True,True,True,True,220.9819881870856,1.1312382040762006,Nu,,,0.040648148148148135
10,Gyroid,hot,0.09869717222222221,170.79199999999997,8.647359999999997,128.21999999999997,8.59572,5.043773452931552,0.051639999999997244,0.08993550004404323,完成,422.65599999999995,8621540.0,396.70399999999995,123.14580670193935,2.2610484580930133e-05,1203.1929588373139,0.03151910810549315,0.8631201032916772,1.2346352784480434,23122.98115466558,10.395448554855935,409.67999999999995,25.951999999999998,2820.032346002954,307.66320148372995,True,True,True,True,269.8485946592306,1.140132680224821,Nu,,,0.07663999999999999
11,Gyroid,hot,0.12351959694989106,167.0431372549019,8.723725490196081,126.85490196078433,8.644000000000002,5.9733921323157615,0.07972549019607911,0.08301079889529589,完成,420.0990196078431,8683862.745098041,393.64509803921567,125.38903673049357,2.2542666934130937e-05,1210.3616174244125,0.031432915365450356,0.8680320770196437,1.5175041951766017,29025.489788265593,10.433543331938987,406.8720588235294,26.453921568627436,3276.425631633283,358.4355167092108,True,True,True,True,318.48802769368194,1.1254285421803982,Nu,,,0.11817647058823531
12,Gyroid,hot,0.149112196969697,169.47090909090912,8.745254545454545,127.47272727272727,8.630763636363636,7.495918497859986,0.1144909090909092,0.07961289006454399,完成,421.6218181818182,8688009.090909092,392.46363636363634,124.71733682556477,2.2597699365096272e-05,1207.5528360111732,0.03151633342530768,0.8658340926720125,1.8417892807710767,34954.08418766187,10.22629427265399,407.04272727272723,29.158181818181845,3730.214165195663,406.9991155725437,True,True,True,True,363.8260210502437,1.1186641197286378,Nu,,,0.17118181818181824
13,Gyroid,hot,0.17579692771084338,171.9831325301205,8.80665060240964,127.91807228915664,8.651096385542171,9.23320885178459,0.1555542168674684,0.06727010625511817,完成,423.10060240963855,8728873.493975906,391.2078313253012,124.67099951960456,2.266441653004262e-05,1206.2518801538342,0.03162706558723076,0.8644176923891259,2.1721981531275487,41088.06823559087,9.992437943573282,407.15421686746987,31.89277108433737,4200.778227765613,456.7370474843731,True,True,True,True,408.5615043011551,1.1179150328066818,Nu,,,0.23302409638554208
14,Gyroid,hot,0.04853774557165861,191.7478260869566,8.670652173913046,128.48985507246377,8.656927536231883,3.660751569788284,0.013724637681162832,0.07725111496536437,完成,433.2688405797102,8663789.855072465,400.35217391304343,119.05419552729558,2.300399194509722e-05,1187.3808988837347,0.03213986554765706,0.8498635625336306,0.6280417233022391,11177.003307766738,11.044172541593566,416.8105072463768,32.91666666666674,1613.7035651463966,172.6533811749837,True,True,True,True,158.98819597620115,1.0859509419229343,Nu,,,0.01907246376811594
15,Gyroid,hot,0.07397290178571429,199.0535714285714,8.176267857142857,135.0375,8.14275,5.521098101629547,0.03351785714285782,0.06931850806008873,完成,440.19553571428565,8159508.928571428,404.2928571428571,108.75445307381342,2.3098071677875012e-05,1163.7580591285432,0.032204530988029625,0.8346827679448977,1.0478019618559522,16964.68953492124,10.607786617922967,422.2441964285714,35.90267857142857,2231.3513697555823,238.25738457113627,True,True,True,True,213.47532173833915,1.1160886543277961,Nu,,,0.04714285714285713
16,Gyroid,hot,0.09858306497175139,200.4406779661017,8.574440677966104,137.9949152542373,8.518474576271185,7.219835041194003,0.05596610169491889,0.09127739108491933,完成,442.3677966101695,8546457.627118645,403.9889830508474,113.61097543484226,2.3296356403527556e-05,1172.3427667426354,0.032591783003587324,0.8379816138972174,1.3367051715371998,22416.267473343138,10.418075603299346,423.1783898305084,38.378813559322055,2729.638159654208,287.9999057843956,True,True,True,True,261.2924392154149,1.1022129329466075,Nu,,,0.08105084745762715
17,Gyroid,hot,0.12276554545454552,200.62909090909096,8.34469090909091,138.48909090909095,8.254854545454544,8.870158524065868,0.08983636363636549,0.0871427413984363,完成,442.70909090909095,8299772.727272727,402.2981818181818,109.8818802192282,2.323361695606158e-05,1165.0912200674438,0.03245039589279921,0.83417420284614,1.7210917235170646,27990.371214840914,10.429705428312737,422.50363636363636,40.41090909090917,3184.9462811598423,337.5028908833058,True,True,True,True,306.17415956795946,1.1023232377270313,Nu,,,0.13147272727272727
18,Gyroid,hot,0.1491146818996416,201.13225806451598,8.688612903225808,139.11935483870968,8.563935483870965,10.809203660127984,0.12467741935484256,0.0808288235494562,完成,443.2758064516128,8626274.193548387,400.47903225806454,114.42847305017014,2.3354145654436883e-05,1173.5623183889045,0.03269887069955752,0.8381801796777032,2.0074276614186166,33822.47678819058,10.217105689424468,421.8774193548387,42.79677419354829,3664.814652091467,385.402605263204,True,True,True,True,351.47554316602515,1.0965275187899854,Nu,,,0.18375806451612908
19,Gyroid,hot,0.17529489144316737,184.87701149425288,8.542045977011492,133.94712643678156,8.376091954022986,10.445232542674255,0.16595402298850637,0.07109837355053157,完成,432.5620689655172,8459068.96551724,395.3028735632184,116.21543871808198,2.291120797145482e-05,1181.9216186459144,0.03195286416156827,0.847474951660984,2.323587515061515,40529.40776987666,9.994472627275833,413.9324712643678,37.259195402298815,4067.747545399505,437.7635358115358,True,True,True,True,401.8901856719799,1.089261572983112,Nu,,,0.24694252873563224
20,Gyroid,hot,0.048270713101160864,228.5208955223881,8.386805970149256,140.85820895522386,8.371179104477614,4.906515524695341,0.015626865671642065,0.08062813619699664,完成,457.83955223880594,8378992.537313435,414.25,105.7494806870337,2.381732035570838e-05,1154.0091227454282,0.03342102834439173,0.8223985416190849,0.7031679569079418,10735.933233588448,11.293524140334393,436.04477611940297,43.589552238805936,1633.2780301508951,168.0489086740811,True,True,True,True,152.7596698903288,1.1000868802264954,Nu,,,0.021059701492537306
21,Gyroid,hot,0.07432710727969348,224.80689655172418,8.735827586206897,147.4327586206896,8.702499999999997,6.695216712015452,0.033327586206899795,0.06520779105926965,完成,459.2698275862069,8719163.793103447,416.8887931034482,109.91826215263056,2.3965855126508285e-05,1160.9269401723484,0.03371434902705572,0.8252452639172551,1.0416719699977952,16428.703312818307,10.559079108388175,438.07931034482755,42.38103448275865,2292.25240176581,233.79921189196935,True,True,True,True,207.80411042153534,1.1250942602516494,Nu,,,0.047034482758620676
22,Gyroid,hot,0.09858604938271603,233.66666666666666,8.643777777777776,152.28518518518518,8.584296296296296,9.271216859852666,0.05948148148148036,0.09492413706514664,完成,466.1259259259259,8614037.037037035,417.6574074074074,106.23224024182892,2.418845565713386e-05,1153.7354754516361,0.034113204559035916,0.8180726422147906,1.4295940240057463,21590.182226401834,10.35270839147829,441.89166666666665,48.46851851851852,2775.532679038146,279.7816399821636,True,True,True,True,252.28692500333133,1.1089819259498652,Nu,,,0.08683333333333335
23,Gyroid,hot,0.12297306547619048,230.82678571428565,8.405107142857144,154.1357142857143,8.309946428571427,10.822323907454326,0.09516071428571671,0.08740915585239657,完成,465.63124999999997,8357526.7857142845,416.50714285714287,102.98526203970883,2.4100957073929467e-05,1148.4540417870792,0.033936591436185506,0.815604643575905,1.8394522622682088,27028.67122427312,10.319521604968639,441.06919642857144,49.1241071428571,3196.650888910636,323.9085216048493,True,True,True,True,296.32450633590133,1.0930871888053695,Nu,,,0.14060714285714287
24,Gyroid,hot,0.14896595996732023,230.39852941176466,8.81845588235294,154.68382352941177,8.68763235294118,13.020960429785621,0.13082352941176012,0.09060680492172292,完成,465.6911764705882,8753044.11764706,414.1580882352941,108.22203006275473,2.4210544137620616e-05,1157.0567164346241,0.03416214966586613,0.8200002920472137,2.1204349988548747,32593.53570312007,10.159544808948306,439.9246323529411,51.53308823529409,3666.2848193403956,369.0425092379864,True,True,True,True,339.7327175195755,1.0862730911888758,Nu,,,0.19452941176470584
25,Gyroid,hot,0.04836478758169935,160.70588235294125,8.364661764705884,140.1117647058824,8.350573529411763,1.1847731912720867,0.014088235294121176,0.06013784071190935,完成,423.5588235294118,8357617.647058824,412.90882352941173,118.49077371983105,2.2550773290262826e-05,1192.1874337218956,0.03136489557848934,0.8571604668692344,0.6287794650459608,11361.007100874931,11.363951038546174,418.2338235294118,10.650000000000091,1614.1911486229894,176.97279115612994,True,True,True,True,161.3291330581418,1.0969673474433803,Nu,,,0.019735294117647052
26,Gyroid,hot,0.07399644841269842,171.23928571428578,8.413910714285716,146.67499999999995,8.382821428571434,2.1366853602570735,0.031089285714282155,0.09815777203192266,完成,432.10714285714283,8398366.071428576,417.90714285714284,115.47376651245857,2.2874887182019436e-05,1180.6292271190198,0.03188320361925017,0.8470529090068122,0.9871454412217182,17135.662514748852,10.440447562801362,425.00714285714287,14.199999999999989,2183.341052950484,235.48053454895276,True,True,True,True,216.08055368986024,1.0897812437436516,Nu,,,0.04585714285714287
27,Gyroid,hot,0.0984584853249476,165.39245283018866,8.412528301886791,144.60000000000005,8.357811320754717,2.4030577626296643,0.05471698113207424,0.13735937977461607,完成,428.14622641509436,8385169.811320754,414.7867924528302,116.92920203900306,2.272636756205938e-05,1185.8794118425833,0.03164491399573772,0.8516607566525023,1.2971307799649958,22949.44089031299,10.50958592103445,421.4665094339623,13.359433962264177,2610.0300251824638,283.6200757352174,True,True,True,True,267.1945620381435,1.0614739819994132,Nu,,,0.0808679245283019
28,Gyroid,hot,0.1226559381551363,170.68301886792455,8.364396226415092,146.29056603773583,8.276490566037738,3.478394848468396,0.08790566037735381,0.13029229953469812,完成,431.63679245283015,8320443.396226416,415.1377358490566,114.47253635052745,2.2832435413067872e-05,1178.8012639804383,0.031800322578266524,0.8463720346997592,1.650596324139229,28456.75181934889,10.650936139124207,423.38726415094334,16.499056603773568,3059.067904838762,330.79046078504797,True,True,True,True,311.3448866844754,1.0624566997314435,Nu,,,0.1292264150943396
29,Gyroid,hot,0.1491226895943563,169.58571428571426,8.66185714285714,146.0793650793651,8.53979365079365,4.083319556605292,0.1220634920634911,0.12920887667294775,完成,430.98253968253965,8600825.396825396,414.00317460317456,119.06540348582554,2.290084155032997e-05,1188.7130249610534,0.031964206615546914,0.8516566345871974,1.9293532038106131,34493.818324754866,10.407123632082621,422.49285714285713,16.979365079365095,3489.484496656291,375.3986693190667,True,True,True,True,358.38953270375526,1.0474599145990438,Nu,,,0.18071428571428566
31,Gyroid,hot,0.04817325281803543,192.3913043478261,8.487637681159418,151.5289855072464,8.47546376811594,2.2993232906035144,0.012173913043477924,0.07699181309232425,完成,445.1101449275362,8481550.724637678,424.2688405797101,111.63093472009342,2.3376968838002867e-05,1167.6177830505771,0.03271455055282861,0.8343493664995891,0.6647755095808506,10916.08125885611,9.32501638359257,434.6894927536232,20.84130434782611,1600.8273425243135,168.26698780164278,True,True,True,True,155.3478239064266,1.0831628250100112,Nu,,,0.020710144927536228
32,Gyroid,hot,0.07404880303030302,198.44363636363633,8.444472727272727,156.72363636363636,8.41221818181818,3.5812170165475066,0.03225454545454731,0.08299625425215039,完成,450.7336363636363,8428345.454545453,427.3872727272727,108.84375698774772,2.3568300321979323e-05,1160.8827794820018,0.033023793476686075,0.8284945823913711,1.0480164975388901,16643.274059036597,10.1954208201453,439.0604545454545,23.346363636363606,2225.7723576922285,231.76570349921306,True,True,True,True,210.03132755619487,1.1034815910364755,Nu,,,0.048127272727272706
33,Gyroid,hot,0.09845172619047618,205.98749999999998,8.579874999999998,160.08928571428575,8.522232142857144,5.223711489045996,0.057642857142854,0.11347897495023417,完成,456.18839285714284,8551053.57142857,428.1928571428571,108.66546506838179,2.380482186168072e-05,1159.3597733134363,0.03341200629730774,0.8260010677523636,1.3956785138102101,21908.234699029465,10.290516261599649,442.19062499999995,27.995535714285722,2707.445671841036,278.645851166457,True,True,True,True,255.7806782548973,1.0893936675262605,Nu,,,0.08632142857142855
34,Gyroid,hot,0.12283725095785447,204.2793103448276,8.414275862068965,159.8206896551725,8.322344827586205,6.274169674739669,0.09193103448276041,0.107257887340707,完成,455.20000000000005,8368310.344827584,426.1448275862069,106.47710677331015,2.3716395956851513e-05,1155.720564939416,0.03325634259959071,0.8241894445096509,1.777163754832039,27436.60567679716,10.330111364173609,440.6724137931035,29.055172413793173,3133.301258978976,323.9836192383722,True,True,True,True,300.5879147802399,1.0778331506615526,Nu,,,0.13806896551724138
35,Gyroid,hot,0.14894071696696695,202.4810810810811,8.809445945945944,159.62837837837833,8.68191891891892,7.372965101449053,0.1275270270270248,0.11263428343969972,完成,454.2047297297297,8745682.432432432,424.37635135135133,112.06220873298956,2.378841765075531e-05,1165.78093572098,0.03342585274657811,0.8296597247188557,2.0474243428691326,33166.288245733645,10.258440049815315,439.2905405405405,29.828378378378375,3586.591257087368,368.9731592745552,True,True,True,True,345.36992820471175,1.068341882550507,Nu,,,0.190972972972973
36,Gyroid,hot,0.1754809674329502,181.93448275862067,8.75193103448276,150.46982758620695,8.584784482758618,6.386588166184614,0.1671465517241426,0.11302473892723096,完成,439.3521551724138,8668357.75862069,416.13965517241365,116.59888940168669,2.3224920640998004e-05,1179.3894823181533,0.03249514036261176,0.8429330301703394,2.318404476787736,40024.394158876414,10.078098223097566,427.7459051724137,23.212500000000148,3992.237281431321,422.4675087198796,True,True,True,True,397.5624065138972,1.062644510139597,Nu,,,0.25091379310344836
37,Gyroid,hot,0.04825895299145299,223.94461538461536,8.00729230769231,162.97538461538457,7.991384615384613,3.3585149526911344,0.01590769230769773,0.07588331099405766,完成,466.60999999999996,7999338.461538462,436.3423076923076,97.9701863464759,2.404337012729203e-05,1140.2120579049504,0.03380735589580909,0.8109046036104964,0.7588178908309351,10632.405680243332,10.655948601640283,451.4761538461538,30.267692307692357,1610.042449553662,163.76515703878022,True,True,True,True,150.9866709784604,1.0846332062129032,Nu,,,0.0
38,Gyroid,hot,0.07408644444444441,226.8709090909091,8.368599999999999,167.99454545454537,8.333454545454545,4.99642302834951,0.0351454545454537,0.07988813869583143,完成,470.5827272727272,8351027.2727272725,438.26545454545453,101.40516426147154,2.4283479990139182e-05,1145.617030130351,0.034272510890141626,0.8117166646093403,1.1254657425503813,16161.319416467204,10.339475863447431,454.42409090909086,32.317272727272666,2243.333536469045,225.08331910564667,True,True,True,True,204.2329261631453,1.1020912412812696,Nu,,,0.0
39,Gyroid,hot,0.09847393246187361,234.0803921568628,8.532156862745097,172.37450980392157,8.46986274509804,6.953124431932707,0.062294117647057945,0.10708680176860971,完成,476.37745098039215,8501009.80392157,439.3460784313726,101.63589788000725,2.453741691526561e-05,1145.8489834853615,0.034752414444259305,0.8090423263917446,1.4925460991266108,21258.93112077838,10.396769023302186,457.86176470588236,37.03137254901958,2724.4543978842685,269.5814129061176,True,True,True,True,248.57013909835567,1.084528551514581,Nu,,,0.0
40,Gyroid,hot,0.12298850389863548,214.24473684210534,8.580666666666662,165.51403508771932,8.487096491228069,6.881323376890501,0.09357017543859314,0.11711912448916763,完成,463.0293859649123,8533881.578947365,431.2837719298245,106.15737422747847,2.405231428721001e-05,1153.9713934023173,0.03385903368963608,0.8197423141776766,1.7847112088448467,27086.733445513666,10.456958057651313,447.1565789473684,31.745614035087783,3145.2674921301923,319.43199345254385,True,True,True,True,297.2841139026528,1.0745007167020821,Nu,,,0.0
42,Gyroid,hot,0.07407035394265232,198.57096774193542,8.34661290322581,178.0870967741936,8.312290322580644,1.7359405592054618,0.034322580645165246,0.11665584088206123,完成,461.4790322580645,8329451.612903227,450.3701612903225,103.90547225540598,2.3938903635743513e-05,1150.3798542110437,0.03363833093827155,0.8186741644522831,1.0981447758393557,16390.38476928591,10.350856945733154,455.9245967741935,11.10887096774195,2267.4320377847625,231.79028249672345,True,True,True,True,206.90262575386478,1.1202868095664744,Nu,,,0.0
44,Gyroid,hot,0.12285790489642183,205.93898305084753,8.476762711864406,176.3847457627119,8.38105084745763,4.135451738541274,0.09571186440677693,0.14849175888184182,完成,464.3118644067797,8428906.779661018,445.1906779661017,104.34437119810923,2.407115404763544e-05,1150.8118034409356,0.03388658854671169,0.8174729115112421,1.8137928237294902,27036.793140752394,10.53599082901364,454.7512711864407,19.121186440678002,3138.1772637233853,318.452752569419,True,True,True,True,296.61480586630944,1.0736239266254037,Nu,,,0.0
1,Gyroid,cold,0.04932142307692308,104.74461538461537,9.736415384615386,123.0523076923077,9.74609230769231,1.2503188454824723,-0.009676923076924027,0.06310627580241916,完成,387.04846153846154,9741253.846153848,397.1461538461538,167.40449259519517,2.200869818173149e-05,1385.6669333204961,0.03132154144184763,0.9736661706920539,0.45386018990408084,11871.079942251761,-10.604250822085975,392.0973076923077,10.097692307692284,1796.6686711606617,197.25147202838093,False,True,True,True,173.74282703527973,1.1353071398356354,Nu,,,0.011984615384615392
2,Gyroid,cold,0.07376093567251463,108.47368421052632,9.983710526315786,132.12894736842105,9.985473684210525,2.386721237808043,-0.0017631578947394644,0.07721899168633363,完成,393.45131578947365,9984592.105263155,407.4355263157895,166.72324451955205,2.2298559190503278e-05,1364.606265022206,0.03171344856514941,0.9594905300134426,0.6815282530823368,17522.602150050097,-0.8603621903931373,400.4434210526316,13.984210526315849,2476.4701348456156,268.52517575740615,False,True,True,True,228.900886202715,1.173106754683334,Nu,,,0.027394736842105277
3,Gyroid,cold,0.09934609649122808,108.79649122807014,10.301333333333336,132.6263157894737,10.290999999999995,3.288669311862597,0.010333333333340633,0.11196073729663221,完成,393.8614035087719,10296166.666666664,409.1807017543859,172.79490959386914,2.2481877781521813e-05,1382.1968584684507,0.03210217215273398,0.96798374559351,0.8856731190392433,23408.156396611757,2.8808228963785765,401.52105263157887,15.319298245613993,3114.9471685073922,333.6657661935216,True,True,True,True,282.8494048855381,1.179658717431446,Nu,,,0.04771929824561404
5,Gyroid,cold,0.1487421016771488,104.23773584905658,10.344471698113207,121.71132075471697,10.302415094339619,3.781946751295185,0.04205660377358811,0.10360961797072639,完成,386.12452830188676,10323443.396226414,399.7,181.08639931772117,2.2339712273963776e-05,1434.9891148630754,0.032103302734722367,0.998565294269194,1.2653238111363116,35269.98896868703,5.481494675475546,392.9122641509434,13.575471698113233,4042.3120098867553,432.987643445084,True,True,True,True,384.0226019263685,1.1275056240780952,Nu,,,0.10416981132075472
6,Gyroid,cold,0.17459455473856206,99.2720588235294,10.34279411764706,117.61323529411763,10.283323529411764,4.799272523778718,0.05947058823529616,0.08639124848171727,完成,381.5926470588235,10313058.823529411,397.1647058823529,185.88229700931922,2.225632850256604e-05,1470.324776589693,0.03212542445391135,1.0186334278692464,1.4469258139348369,41555.274686858946,5.774649998437415,389.3786764705882,15.572058823529403,4471.96840934324,478.67995053078687,True,True,True,True,435.0716495830363,1.100232458238876,Nu,,,0.13866176470588235
7,Gyroid,cold,0.19860995221027486,96.81505376344082,10.397956989247312,116.10967741935482,10.316118279569894,5.8613006783064945,0.08183870967741846,0.07109191145672465,完成,379.6123655913978,10357037.634408602,397.1483870967742,189.26744199563473,2.2257896730390085e-05,1491.8454185690546,0.032226260098087364,1.030381470364485,1.6165111140945396,47267.85224592317,6.252870922914155,388.380376344086,17.536021505376368,4849.894396042289,517.5088238190621,True,True,True,True,479.21717868987406,1.079904575278109,Nu,,,0.17859139784946243
8,Gyroid,cold,0.04877570238095236,98.67714285714285,9.344842857142858,139.8871428571428,9.365042857142857,2.6877485600852653,-0.020199999999999108,0.06783521110388549,完成,392.4321428571428,9354942.857142858,414.51857142857136,154.73326500467027,2.1939301719958938e-05,1330.2981710589759,0.030946635393894553,0.9431013284930637,0.4855941464760359,11776.865542967258,-20.92063134338024,403.4753571428571,22.08642857142854,1765.7633303120367,196.20697418203397,False,True,True,True,170.9211909418137,1.1479382579824655,Nu,,,0.01297142857142858
9,Gyroid,cold,0.07333058127572016,102.77592592592588,9.741648148148146,143.30740740740737,9.750018518518516,3.9950070506430366,-0.00837037037037014,0.0628323631471634,完成,396.1916666666666,9745833.33333333,419.87407407407403,159.57492175551658,2.2242271557552027e-05,1335.9238800371963,0.031487059531881606,0.943688682327404,0.7079035462627837,17464.45245808646,-3.9553584910248003,408.03287037037035,23.682407407407425,2447.7161476680462,267.3156175793317,False,True,True,True,227.09270266168136,1.1771211247486613,Nu,,,0.029055555555555564
10,Gyroid,cold,0.09892829444444443,103.12200000000003,10.006780000000003,143.986,10.001379999999997,5.497387740529821,0.0054000000000051784,0.08993550004404323,完成,396.70399999999995,10004080.0,422.65599999999995,164.31595794475166,2.2390208846002572e-05,1348.7557723516836,0.031796203773694465,0.9497650612677787,0.9274582724308662,23405.14644033704,1.443707627302098,409.67999999999995,25.951999999999998,3073.653365181107,332.4107048468254,True,True,True,True,281.03758118517544,1.1827980565624079,Nu,,,0.050339999999999996
11,Gyroid,cold,0.12315813180827882,101.62352941176471,10.213431372549017,139.36666666666667,10.191196078431375,6.469248185334168,0.022235294117642468,0.08301079889529589,完成,393.64509803921567,10202313.725490196,420.0990196078431,171.04678573269027,2.242394376802882e-05,1377.4207644329233,0.03198308756804996,0.9657355844973027,1.109179349921699,29093.775428975354,3.9928077754330724,406.8720588235294,26.453921568627436,3548.4043408361713,381.51190947379564,True,True,True,True,330.5744982261317,1.1540875400885275,Nu,,,0.07670588235294118
12,Gyroid,cold,0.14866494949494952,100.07090909090905,10.39170909090909,138.55636363636367,10.351854545454547,8.092690233162894,0.03985454545454381,0.07961289006454399,完成,392.46363636363634,10371781.81818182,421.6218181818182,175.70323151926067,2.2494827419019465e-05,1395.517386216182,0.03218404711606423,0.9753876711019759,1.3034141730349869,35008.61321567695,5.045302679128622,407.04272727272723,29.158181818181845,4027.1872954466053,430.2853479282626,True,True,True,True,378.9912050534291,1.1353438871163308,Nu,,,0.1084181818181819
13,Gyroid,cold,0.17444935742971887,98.4734939759036,10.61110843373494,137.64216867469875,10.551421686746984,9.854327792319838,0.059686746987955175,0.06727010625511817,完成,391.2078313253012,10581265.060240963,423.10060240963855,181.41758559900222,2.2594517542315655e-05,1417.8144058215225,0.03245136023694712,0.9871645511983609,1.4813019406445098,40899.24464634504,5.665853436714313,407.15421686746987,31.89277108433737,4483.365025501594,475.07981541367496,True,True,True,True,425.63550471337896,1.1161658511866663,Nu,,,0.1442409638554217
14,Gyroid,cold,0.04917142109500802,96.97681159420291,9.598797101449275,157.42753623188406,9.607956521739133,3.943548710165637,-0.009159420289858389,0.07725111496536437,完成,400.35217391304343,9603376.811594205,433.2688405797102,153.57284229568853,2.228718165911594e-05,1309.360844713324,0.03144187615658174,0.9281240997875592,0.4932327872917783,11687.095490175509,-9.26410953671567,416.8105072463768,32.91666666666674,1738.3639647775392,190.11992878148195,False,True,True,True,169.07669432540155,1.1244596988369138,Nu,,,0.01336231884057972
15,Gyroid,cold,0.07358690972222223,100.925,9.923392857142856,161.36071428571427,9.92494642857143,5.903812384887895,-0.0015535714285732638,0.06931850806008873,完成,404.2928571428571,9924169.642857142,440.19553571428565,156.75615888092804,2.2553834209190033e-05,1310.3111905613116,0.031900562094294316,0.9263956311181096,0.7231519349529902,17283.399433736242,-0.7161458836687138,422.2441964285714,35.90267857142857,2386.0253176648666,257.200670873038,False,True,True,True,224.00842520524998,1.1481740949581485,Nu,,,0.029999999999999995
16,Gyroid,cold,0.09909613935969867,101.27796610169497,10.20284745762712,160.39999999999995,10.193559322033897,7.878842747817672,0.009288135593223501,0.09127739108491933,完成,403.9889830508474,10198203.38983051,442.3677966101695,162.19125622306603,2.267978369671298e-05,1325.816412805061,0.03218391150012617,0.9342938152142516,0.9412021234150924,23145.51308464965,2.442807840820921,423.1783898305084,38.378813559322055,2978.7924094732934,318.2708017323704,True,True,True,True,277.2654293185435,1.1478921209709012,Nu,,,0.051694915254237285
17,Gyroid,cold,0.1233103434343434,100.46909090909092,10.375527272727272,157.8272727272727,10.35430909090909,9.643128454491675,0.021218181818181137,0.0871427413984363,完成,402.2981818181818,10364918.181818182,442.70909090909095,166.76888683168787,2.2720715684112508e-05,1342.304678175828,0.032326447647185536,0.9434418308855662,1.1390376457476334,28749.24776055691,3.705706108339187,422.50363636363636,40.41090909090917,3462.491231306866,368.3206637299363,True,True,True,True,325.20715272535807,1.132572456181455,Nu,,,0.07932727272727273
18,Gyroid,cold,0.14880871863799283,99.00645161290322,10.564258064516128,155.65161290322584,10.527435483870965,11.682898875482605,0.03682258064516297,0.0808288235494562,完成,400.47903225806454,10545846.774193546,443.2758064516128,171.87871619841786,2.2772235186280778e-05,1361.271451235191,0.03249745208435643,0.9538961257464199,1.3337052982097752,34615.58711773377,4.5512046091664615,421.8774193548387,42.79677419354829,3961.037308946819,419.13604004778665,True,True,True,True,373.1387626402835,1.1232712385120005,Nu,,,0.11177419354838718
19,Gyroid,cold,0.17438132822477648,99.10459770114944,10.23213793103449,145.20114942528738,10.17042528735632,11.187871587815478,0.06171264367817031,0.07109837355053157,完成,395.3028735632184,10201281.609195406,432.5620689655172,169.52480723814523,2.246210049445456e-05,1368.0785071338012,0.03200510859214908,0.9601566207177603,1.5846024481971992,41124.30778158928,5.478406319216885,413.9324712643678,37.259195402298815,4356.957779891576,468.1224091269735,True,True,True,True,423.3889308840282,1.1056557575785995,Nu,,,0.1529425287356322
20,Gyroid,cold,0.04909239220563848,100.06119402985075,10.275537313432835,182.13880597014926,10.299477611940299,5.3021187266731555,-0.02394029850746371,0.08062813619699664,完成,414.25,10287507.462686567,457.83955223880594,156.256985629777,2.3006974497531887e-05,1291.1569755210346,0.032589459885312734,0.9115099088067561,0.48398104584037,11303.258754483442,-24.716524603768725,436.04477611940297,43.589552238805936,1764.966193613464,186.23213125422052,False,True,True,True,164.06566160681834,1.1351073066131527,Nu,,,0.013328358208955234
21,Gyroid,cold,0.07363995689655173,106.97068965517238,10.623189655172414,180.50689655172414,10.632258620689656,7.131797004469086,-0.009068965517242233,0.06520779105926965,完成,416.8887931034482,10627724.137931036,459.2698275862069,160.43975849344437,2.323703456836713e-05,1297.1076111635432,0.0330074623817852,0.9131551541548466,0.7070581402221873,16787.336931307247,-4.272572988132528,438.07931034482755,42.38103448275865,2441.7251174352646,254.37827542563906,False,True,True,True,218.30635313573222,1.16523532994699,Nu,,,0.029775862068965517
22,Gyroid,cold,0.09942717592592593,105.69629629629632,10.58048148148148,183.31851851851857,10.573111111111107,10.15127911981802,0.00737037037037247,0.09492413706514664,完成,417.6574074074074,10576796.296296295,466.1259259259259,158.9995620639084,2.323532870211381e-05,1292.3828996072864,0.03298465726190745,0.91039119318197,0.9633026977241018,22667.58583532111,1.8876515269092058,441.89166666666665,48.46851851851852,3038.9977234919565,316.8208712609204,True,True,True,True,270.77835131357637,1.170037670013081,Nu,,,0.053500000000000006
23,Gyroid,cold,0.12287298115079368,106.38571428571427,10.083553571428572,180.32857142857156,10.055767857142857,11.768294104566118,0.027785714285714747,0.08740915585239657,完成,416.50714285714287,10069660.714285715,465.63124999999997,150.8939530551493,2.2976582682848286e-05,1274.550325172879,0.03246596223762941,0.9020158009006584,1.2544061069372334,28328.262912070542,4.422088223823635,441.06919642857144,49.1241071428571,3476.06744466512,368.17585164046903,True,True,True,True,316.9881648653569,1.1614813814795089,Nu,,,0.08801785714285718
24,Gyroid,cold,0.1486155555555555,104.72794117647061,10.34122058823529,177.28823529411764,10.296514705882352,14.20074805134068,0.04470588235293782,0.09060680492172292,完成,414.1580882352941,10318867.64705882,465.6911764705882,156.8805441984129,2.301861799251646e-05,1292.8549611344254,0.03261665326577902,0.912409198687058,1.4593141133970235,34200.62236449254,5.056523279834072,439.9246323529411,51.53308823529409,3998.4751727538537,421.5512601337443,True,True,True,True,364.46750291670855,1.1566223511292886,Nu,,,0.12308823529411766
25,Gyroid,cold,0.04897131535947713,129.5176470588235,9.33560294117647,150.00000000000006,9.346441176470586,1.256022892728548,-0.010838235294116316,0.06013784071190935,完成,412.90882352941173,9341022.058823528,423.5588235294118,140.41594706759167,2.2554984397311327e-05,1253.867387399931,0.031649735609394415,0.8935606827220535,0.5372531076314935,11501.33421519126,-10.10504523030597,418.2338235294118,10.650000000000091,1711.2651187974527,185.92705769693882,False,True,True,True,165.03474034053286,1.1265934512533344,Nu,,,0.014058823529411776
26,Gyroid,cold,0.07340517857142854,132.00714285714278,9.62744642857143,157.5071428571429,9.630142857142856,2.346417634753134,-0.002696428571425713,0.09815777203192266,完成,417.90714285714284,9628794.642857142,432.10714285714283,142.40686085795215,2.2833999417628682e-05,1252.3302366228597,0.03212438201062167,0.8901558910696002,0.794052809775188,17029.178561281216,-1.1347840581392166,425.00714285714287,14.199999999999989,2397.652946293916,256.65334189633296,False,True,True,True,218.70060517078656,1.1735374106345455,Nu,,,0.03169642857142858
27,Gyroid,cold,0.09879999475890981,130.75849056603772,9.812867924528303,152.51509433962266,9.807377358490568,2.7331402864670515,0.005490566037735789,0.13735937977461607,完成,414.7867924528302,9810122.641509436,428.14622641509436,147.46383032007216,2.2812115530455666e-05,1268.658841586706,0.032157963287024804,0.8999572455724245,1.0321076848441817,22942.479095596027,1.3207954927549266,421.4665094339623,13.359433962264177,2968.5421306346275,317.4315332752094,True,True,True,True,272.09323411253825,1.1666278079664383,Nu,,,0.05473584905660376
28,Gyroid,cold,0.1230816928721174,129.56981132075475,10.103981132075475,154.4056603773585,10.084169811320756,3.9316029119649913,0.019811320754719475,0.13029229953469812,完成,415.1377358490566,10094075.471698115,431.63679245283015,152.22444938974888,2.294632433219867e-05,1279.8171334627395,0.03243678870524016,0.9053639463883354,1.245554254792228,28413.799962431905,3.1699886776489707,423.38726415094334,16.499056603773568,3457.6408965930195,366.5535412091367,True,True,True,True,318.07018803632127,1.15242973090983,Nu,,,0.08401886792452833
29,Gyroid,cold,0.148628201058201,128.94285714285715,10.293746031746036,152.76349206349204,10.254746031746032,4.610920689610941,0.039000000000003254,0.12920887667294775,完成,414.00317460317456,10274246.031746035,430.98253968253965,156.19226999794697,2.299385303516694e-05,1291.3987539989125,0.032568080045709734,0.9117587870569112,1.465869420442925,34240.370514259186,4.391051116138382,422.49285714285713,16.979365079365095,3940.3568686368903,416.0435417025241,True,True,True,True,364.6860033580738,1.1408267327825685,Nu,,,0.11901587301587296
31,Gyroid,cold,0.048806199677938804,130.51159420289855,9.451086956521742,171.7260869565217,9.478478260869567,2.476352359632488,-0.027391304347824885,0.07699181309232425,完成,424.2688405797101,9464782.608695654,445.1101449275362,136.06522921664484,2.2976569471837485e-05,1230.699083285204,0.03227765070187893,0.876062612090388,0.5525625348503117,11252.234935846887,-24.91475826803684,434.6894927536232,20.84130434782611,1724.0779420730182,183.67513299274083,False,True,True,True,161.38370107690764,1.1381269097627782,Nu,,,0.07717391304347819
32,Gyroid,cold,0.07333752525252525,132.9127272727273,9.841981818181816,175.5618181818182,9.857527272727271,3.878444614585011,-0.015545454545454973,0.08299625425215039,完成,427.3872727272727,9849754.545454545,450.7336363636363,140.64905306637868,2.3227074906595195e-05,1237.7685341552976,0.032741941860823444,0.8780707809591287,0.8032357668894065,16725.561853758576,-6.473431068840464,439.0604545454545,23.346363636363606,2410.503126198673,253.1620775517807,False,True,True,True,214.90222164595843,1.1780337849129061,Nu,,,0.08881818181818178
33,Gyroid,cold,0.0990004117063492,131.5964285714286,10.183196428571426,178.4892857142857,10.184285714285716,5.816492914258697,-0.0010892857142899004,0.11347897495023417,完成,428.1928571428571,10183741.07142857,456.18839285714284,145.63430663091228,2.3383918253125443e-05,1247.8441638487711,0.03305472046766555,0.8827630519103313,1.0471934298018977,22426.87188065369,-0.25773790299593097,442.19062499999995,27.995535714285722,3014.6838314150173,313.6199403155755,False,True,True,True,265.9569926562707,1.1792129892253127,Nu,,,0.09724999999999999
34,Gyroid,cold,0.12275454022988509,130.41551724137935,10.0143275862069,175.57413793103447,9.995206896551728,6.947123858869377,0.01912068965517122,0.107257887340707,完成,426.1448275862069,10004767.241379313,455.20000000000005,143.886946144499,2.32480414335884e-05,1246.2023511440646,0.0328133057642979,0.8829273131497424,1.3142251360842214,27970.496692981378,2.9073452743735397,440.6724137931035,29.055172413793173,3469.372532419025,363.5769443349037,True,True,True,True,311.8666739084191,1.1658089008948405,Nu,,,0.1057241379310345
35,Gyroid,cold,0.14847602852852848,129.4635135135135,10.270797297297298,172.98918918918918,10.23140540540541,8.20341374247668,0.03939189189188852,0.11263428343969972,完成,424.37635135135133,10251101.351351354,454.2047297297297,149.02174162000406,2.3292628205952186e-05,1259.729662188446,0.03294637957298623,0.8906112004313814,1.5348301020002522,33766.56113437168,4.240241388313194,439.2905405405405,29.828378378378375,3990.5643933204947,416.50671780879117,True,True,True,True,358.2291122882555,1.1626824943072787,Nu,,,0.11622972972972981
36,Gyroid,cold,0.17456289990421456,127.36551724137921,10.432810344827583,158.61379310344822,10.37630172413793,7.108430626303373,0.056508620689653455,0.11302473892723096,完成,416.13965517241365,10404556.034482755,439.3521551724138,157.02178034175344,2.31142111572074e-05,1289.9992231897515,0.03276773595921769,0.9099595551719437,1.7125594293252195,40005.69844922245,4.636790773384789,427.7459051724137,23.212500000000148,4443.458857900676,466.3050436371779,True,True,True,True,407.69504032101787,1.1437594219199005,Nu,,,0.12809482758620697
37,Gyroid,cold,0.04915951709401708,133.08923076923077,9.710200000000002,193.29538461538453,9.724953846153845,3.6133701873243886,-0.014753846153842787,0.07588331099405766,完成,436.3423076923076,9717576.923076922,466.60999999999996,133.86487197558057,2.3473794683641317e-05,1215.7010074406287,0.03308010021337312,0.8626671521938338,0.5657109454392218,11093.620162942778,-13.01377977030429,451.4761538461538,30.267692307692357,1732.2178014667704,180.0657299130129,False,True,True,True,158.92273479888198,1.1330394618547657,Nu,,,0.0
38,Gyroid,cold,0.07362387373737372,135.34727272727272,10.120072727272728,194.88363636363638,10.125072727272727,5.395577964221342,-0.004999999999999005,0.07988813869583143,完成,438.26545454545453,10122572.727272727,470.5827272727272,139.14856087147797,2.3684139110434962e-05,1224.930467263869,0.03348221439789651,0.8664726664288426,0.8150674423311246,16466.831686019603,-2.043893142370876,454.42409090909086,32.317272727272666,2422.549277171494,248.8019797461949,False,True,True,True,211.561630512009,1.1760260078543494,Nu,,,0.0
39,Gyroid,cold,0.09899299564270153,134.64901960784312,10.182196078431373,197.74313725490205,10.173196078431372,7.697712289647562,0.009000000000000341,0.10708680176860971,完成,439.3460784313726,10177696.078431373,476.37745098039215,139.43963009409114,2.3739621795077054e-05,1224.6690987990353,0.03357730881391002,0.8658579932875039,1.0936336013070767,22089.18316594079,2.0392317749249416,457.86176470588236,37.03137254901958,3016.2075059181184,308.89488465081274,True,True,True,True,261.37498656625064,1.18180736691312,Nu,,,0.0
40,Gyroid,cold,0.12262914473684207,132.89736842105265,10.007947368421053,183.37017543859648,9.985447368421047,7.687257946118759,0.02250000000000618,0.11711912448916763,完成,431.2837719298245,9996697.36842105,463.0293859649123,140.8762325217974,2.3409773844497012e-05,1234.4967094197636,0.03304495712833063,0.8745445989553429,1.3409406955497658,27748.880503758595,3.3564458088030147,447.1565789473684,31.745614035087783,3513.63846709272,365.63458231171353,True,True,True,True,309.09958372540257,1.1829022152179132,Nu,,,0.0
42,Gyroid,cold,0.07329971774193546,166.13548387096768,9.675661290322582,188.30483870967743,9.68351612903226,1.9384481648608505,-0.007854838709677736,0.11665584088206123,完成,450.3701612903225,9679588.709677422,461.4790322580645,126.82928704462452,2.393999294106024e-05,1193.7780585084085,0.03380374053979248,0.8454401151328724,0.890299955552064,16219.119355508636,-2.9525618900755815,455.9245967741935,11.10887096774195,2531.9412287954697,257.5634572708423,False,True,True,True,207.5562680336268,1.240933168200508,Nu,,,0.0
44,Gyroid,cold,0.12304104048964223,156.23728813559322,10.255915254237287,187.84406779661023,10.23357627118644,4.749532240968239,0.02233898305084736,0.14849175888184182,完成,445.1906779661017,10244745.762711864,464.3118644067797,137.51246320064328,2.3955639063245214e-05,1216.6996411964667,0.033920071933245304,0.8592793526571361,1.378356422263741,27207.661738026538,3.231113854881179,454.7512711864407,19.121186440678002,3604.1707252966767,365.3793300813949,True,True,True,True,302.9596710952332,1.2060328979118167,Nu,,,0.0
1,Gyroid,hot,0.04842158547008547,133.8553846153846,7.990292307692308,114.13692307692307,7.976199999999998,1.1760995809555799,0.014092307692310513,0.06310627580241916,完成,397.1461538461538,7983246.153846153,387.04846153846154,125.15551973009919,2.14673873097476e-05,1234.8771916841524,0.02968318970752539,0.8930841737381182,0.5959949747964723,11948.373752519172,11.97845775924265,392.0973076923077,10.097692307692284,1690.0179333478009,195.78351905436548,True,True,True,True,,,f,1.471512256428468,8.14023648590992,0.018907692307692313
2,Gyroid,hot,0.07425630847953218,146.48157894736846,8.44207894736842,122.08947368421052,8.41355263157895,2.215632342381699,0.028526315789470402,0.07721899168633363,完成,407.4355263157895,8427815.789473685,393.45131578947365,127.53198577609135,2.2003661308875447e-05,1228.2580030746292,0.030578589045451684,0.8838266886480088,0.8969491728854591,17876.701532859257,10.506181246321404,400.4434210526316,13.984210526315849,2298.9477106867967,258.52767232430153,True,True,True,True,,,f,1.3892392471132096,7.562542786026871,0.041421052631578956
3,Gyroid,hot,0.09885612573099417,148.20526315789465,8.781421052631579,123.85614035087715,8.731982456140353,2.957540856935217,0.049438596491226505,0.11196073729663221,完成,409.1807017543859,8756701.754385965,393.8614035087719,132.3444269796249,2.2193627719846963e-05,1238.4040073513966,0.030954961755808197,0.88789247173812,1.1506719560068528,23595.23323855951,10.661330595050739,401.52105263157887,15.319298245613993,2801.310391660358,311.1905108047985,True,True,True,True,,,f,1.3370646830551038,7.973683495020082,0.07250877192982456
4,Gyroid,hot,0.12362789308176098,128.63962264150942,8.735415094339622,116.44905660377363,8.661075471698112,1.8695121630491711,0.07433962264151006,0.14776330979044255,完成,395.6943396226415,8698245.283018867,387.08113207547166,139.4609247920893,2.1723307732826975e-05,1277.8647731969581,0.030330881240904117,0.915220678509676,1.3655811950940062,30146.680545861545,10.801566626441044,391.3877358490566,8.61320754716985,3149.43560913428,357.0615532718362,True,False,True,True,,,f,1.2935452144753914,8.350358770274385,0.10881132075471703
5,Gyroid,hot,0.14905966457023062,136.0924528301887,8.277716981132077,117.0075471698113,8.163,3.4268881764996566,0.11471698113207651,0.10360961797072639,完成,399.7,8220358.4905660385,386.12452830188676,128.07628830572935,2.1652618060333238e-05,1239.4585755803125,0.03002513082125614,0.8938353440793568,1.792854340780592,36466.888556053185,10.529868682136746,392.9122641509434,13.575471698113233,3662.809696529828,419.49310974403403,True,True,True,True,,,f,1.261189925093117,8.3491538210308,0.16833962264150942
6,Gyroid,hot,0.17549941176470582,134.3617647058824,8.519426470588238,113.66764705882352,8.370941176470586,4.417628115548544,0.148485294117652,0.08639124848171727,完成,397.1647058823529,8445183.823529411,381.5926470588235,133.72991808929655,2.1660297006803337e-05,1258.9474314232034,0.0301322282461799,0.9049836957887736,2.02162540741124,42920.05237298586,10.266147114497205,389.3786764705882,15.572058823529403,4116.351651021668,469.7606177326741,True,True,True,True,,,f,1.2344040375096343,8.316683032898034,0.2198676470588235
7,Gyroid,hot,0.20110214456391873,135.14193548387095,8.763892473118286,112.8548387096774,8.576354838709678,5.472266773385403,0.18753763440860816,0.07109191145672465,完成,397.1483870967742,8670123.655913983,379.6123655913978,137.98060593103972,2.1757709040539805e-05,1271.0561475864,0.03035746833790501,0.9109873565722647,2.245185634092727,48961.25289670842,10.188725667474065,388.380376344086,17.536021505376368,4527.9908700330725,512.9031623107197,True,True,True,True,,,f,1.213325671857528,8.397354398572762,0.27976344086021504
8,Gyroid,hot,0.048401428571428574,162.66428571428568,8.597328571428573,120.07285714285715,8.584071428571432,2.5170068678544304,0.013257142857140636,0.06783521110388549,完成,414.51857142857136,8590700.000000002,392.4321428571428,126.62721973492155,2.2312833294524365e-05,1218.4185721589513,0.031069328729675903,0.8750227827602852,0.5888229233822945,11490.857656492979,11.41057261581718,403.4753571428571,22.08642857142854,1653.5915953611054,183.01714280781175,True,True,True,True,,,f,1.4799625273095338,7.710041575553124,0.018314285714285714
9,Gyroid,hot,0.07449046810699587,167.35185185185185,9.014537037037037,126.09629629629629,8.98674074074074,3.758830827105586,0.027796296296298095,0.0628323631471634,完成,419.87407407407403,9000638.888888888,396.1916666666666,130.73299389360332,2.2652213410913876e-05,1222.8478476039886,0.03167967572099955,0.8743842789602977,0.8777464809555375,17419.634741142774,10.428396233628934,408.03287037037035,23.682407407407425,2303.0124340776574,249.98326744994688,True,True,True,True,,,f,1.3942810504555916,7.479407562931002,0.040648148148148135
10,Gyroid,hot,0.09869717222222221,170.79199999999997,8.647359999999997,128.21999999999997,8.59572,5.043773452931552,0.051639999999997244,0.08993550004404323,完成,422.65599999999995,8621540.0,396.70399999999995,123.14580670193935,2.2610484580930133e-05,1203.1929588373139,0.03151910810549315,0.8631201032916772,1.2346352784480434,23122.98115466558,10.395448554855935,409.67999999999995,25.951999999999998,2820.032346002954,307.66320148372995,True,True,True,True,,,f,1.340756946291789,7.7534176374079165,0.07663999999999999
11,Gyroid,hot,0.12351959694989106,167.0431372549019,8.723725490196081,126.85490196078433,8.644000000000002,5.9733921323157615,0.07972549019607911,0.08301079889529589,完成,420.0990196078431,8683862.745098041,393.64509803921567,125.38903673049357,2.2542666934130937e-05,1210.3616174244125,0.031432915365450356,0.8680320770196437,1.5175041951766017,29025.489788265593,10.433543331938987,406.8720588235294,26.453921568627436,3276.425631633283,358.4355167092108,True,True,True,True,,,f,1.3001340574103784,8.024975018899694,0.11817647058823531
12,Gyroid,hot,0.149112196969697,169.47090909090912,8.745254545454545,127.47272727272727,8.630763636363636,7.495918497859986,0.1144909090909092,0.07961289006454399,完成,421.6218181818182,8688009.090909092,392.46363636363634,124.71733682556477,2.2597699365096272e-05,1207.5528360111732,0.03151633342530768,0.8658340926720125,1.8417892807710767,34954.08418766187,10.22629427265399,407.04272727272723,29.158181818181845,3730.214165195663,406.9991155725437,True,True,True,True,,,f,1.2682899564056214,8.063057048591372,0.17118181818181824
13,Gyroid,hot,0.17579692771084338,171.9831325301205,8.80665060240964,127.91807228915664,8.651096385542171,9.23320885178459,0.1555542168674684,0.06727010625511817,完成,423.10060240963855,8728873.493975906,391.2078313253012,124.67099951960456,2.266441653004262e-05,1206.2518801538342,0.03162706558723076,0.8644176923891259,2.1721981531275487,41088.06823559087,9.992437943573282,407.15421686746987,31.89277108433737,4200.778227765613,456.7370474843731,True,True,True,True,,,f,1.241496654891808,8.048703074793293,0.23302409638554208
14,Gyroid,hot,0.04853774557165861,191.7478260869566,8.670652173913046,128.48985507246377,8.656927536231883,3.660751569788284,0.013724637681162832,0.07725111496536437,完成,433.2688405797102,8663789.855072465,400.35217391304343,119.05419552729558,2.300399194509722e-05,1187.3808988837347,0.03213986554765706,0.8498635625336306,0.6280417233022391,11177.003307766738,11.044172541593566,416.8105072463768,32.91666666666674,1613.7035651463966,172.6533811749837,True,True,True,True,,,f,1.4860129171127239,7.43208380923905,0.01907246376811594
15,Gyroid,hot,0.07397290178571429,199.0535714285714,8.176267857142857,135.0375,8.14275,5.521098101629547,0.03351785714285782,0.06931850806008873,完成,440.19553571428565,8159508.928571428,404.2928571428571,108.75445307381342,2.3098071677875012e-05,1163.7580591285432,0.032204530988029625,0.8346827679448977,1.0478019618559522,16964.68953492124,10.607786617922967,422.2441964285714,35.90267857142857,2231.3513697555823,238.25738457113627,True,True,True,True,,,f,1.3994651004308105,7.579886497103409,0.04714285714285713
16,Gyroid,hot,0.09858306497175139,200.4406779661017,8.574440677966104,137.9949152542373,8.518474576271185,7.219835041194003,0.05596610169491889,0.09127739108491933,完成,442.3677966101695,8546457.627118645,403.9889830508474,113.61097543484226,2.3296356403527556e-05,1172.3427667426354,0.032591783003587324,0.8379816138972174,1.3367051715371998,22416.267473343138,10.418075603299346,423.1783898305084,38.378813559322055,2729.638159654208,287.9999057843956,True,True,True,True,,,f,1.346457367172948,7.737397304434057,0.08105084745762715
17,Gyroid,hot,0.12276554545454552,200.62909090909096,8.34469090909091,138.48909090909095,8.254854545454544,8.870158524065868,0.08983636363636549,0.0871427413984363,完成,442.70909090909095,8299772.727272727,402.2981818181818,109.8818802192282,2.323361695606158e-05,1165.0912200674438,0.03245039589279921,0.83417420284614,1.7210917235170646,27990.371214840914,10.429705428312737,422.50363636363636,40.41090909090917,3184.9462811598423,337.5028908833058,True,True,True,True,,,f,1.3064945843515623,7.982968741879014,0.13147272727272727
18,Gyroid,hot,0.1491146818996416,201.13225806451598,8.688612903225808,139.11935483870968,8.563935483870965,10.809203660127984,0.12467741935484256,0.0808288235494562,完成,443.2758064516128,8626274.193548387,400.47903225806454,114.42847305017014,2.3354145654436883e-05,1173.5623183889045,0.03269887069955752,0.8381801796777032,2.0074276614186166,33822.47678819058,10.217105689424468,421.8774193548387,42.79677419354829,3664.814652091467,385.402605263204,True,True,True,True,,,f,1.2738445844510564,8.020684637778926,0.18375806451612908
19,Gyroid,hot,0.17529489144316737,184.87701149425288,8.542045977011492,133.94712643678156,8.376091954022986,10.445232542674255,0.16595402298850637,0.07109837355053157,完成,432.5620689655172,8459068.96551724,395.3028735632184,116.21543871808198,2.291120797145482e-05,1181.9216186459144,0.03195286416156827,0.847474951660984,2.323587515061515,40529.40776987666,9.994472627275833,413.9324712643678,37.259195402298815,4067.747545399505,437.7635358115358,True,True,True,True,,,f,1.2437342306989025,8.035858771579802,0.24694252873563224
20,Gyroid,hot,0.048270713101160864,228.5208955223881,8.386805970149256,140.85820895522386,8.371179104477614,4.906515524695341,0.015626865671642065,0.08062813619699664,完成,457.83955223880594,8378992.537313435,414.25,105.7494806870337,2.381732035570838e-05,1154.0091227454282,0.03342102834439173,0.8223985416190849,0.7031679569079418,10735.933233588448,11.293524140334393,436.04477611940297,43.589552238805936,1633.2780301508951,168.0489086740811,True,True,True,True,,,f,1.4948952407316405,7.5547261323857375,0.021059701492537306
21,Gyroid,hot,0.07432710727969348,224.80689655172418,8.735827586206897,147.4327586206896,8.702499999999997,6.695216712015452,0.033327586206899795,0.06520779105926965,完成,459.2698275862069,8719163.793103447,416.8887931034482,109.91826215263056,2.3965855126508285e-05,1160.9269401723484,0.03371434902705572,0.8252452639172551,1.0416719699977952,16428.703312818307,10.559079108388175,438.07931034482755,42.38103448275865,2292.25240176581,233.79921189196935,True,True,True,True,,,f,1.4057989172042533,7.511087808622925,0.047034482758620676
22,Gyroid,hot,0.09858604938271603,233.66666666666666,8.643777777777776,152.28518518518518,8.584296296296296,9.271216859852666,0.05948148148148036,0.09492413706514664,完成,466.1259259259259,8614037.037037035,417.6574074074074,106.23224024182892,2.418845565713386e-05,1153.7354754516361,0.034113204559035916,0.8180726422147906,1.4295940240057463,21590.182226401834,10.35270839147829,441.89166666666665,48.46851851851852,2775.532679038146,279.7816399821636,True,True,True,True,,,f,1.3534052161498233,7.649378226079065,0.08683333333333335
23,Gyroid,hot,0.12297306547619048,230.82678571428565,8.405107142857144,154.1357142857143,8.309946428571427,10.822323907454326,0.09516071428571671,0.08740915585239657,完成,465.63124999999997,8357526.7857142845,416.50714285714287,102.98526203970883,2.4100957073929467e-05,1148.4540417870792,0.033936591436185506,0.815604643575905,1.8394522622682088,27028.67122427312,10.319521604968639,441.06919642857144,49.1241071428571,3196.650888910636,323.9085216048493,True,True,True,True,,,f,1.3126631523647012,7.861515413439086,0.14060714285714287
24,Gyroid,hot,0.14896595996732023,230.39852941176466,8.81845588235294,154.68382352941177,8.68763235294118,13.020960429785621,0.13082352941176012,0.09060680492172292,完成,465.6911764705882,8753044.11764706,414.1580882352941,108.22203006275473,2.4210544137620616e-05,1157.0567164346241,0.03416214966586613,0.8200002920472137,2.1204349988548747,32593.53570312007,10.159544808948306,439.9246323529411,51.53308823529409,3666.2848193403956,369.0425092379864,True,True,True,True,,,f,1.280133854821933,7.936314449211642,0.19452941176470584
25,Gyroid,hot,0.04836478758169935,160.70588235294125,8.364661764705884,140.1117647058824,8.350573529411763,1.1847731912720867,0.014088235294121176,0.06013784071190935,完成,423.5588235294118,8357617.647058824,412.90882352941173,118.49077371983105,2.2550773290262826e-05,1192.1874337218956,0.03136489557848934,0.8571604668692344,0.6287794650459608,11361.007100874931,11.363951038546174,418.2338235294118,10.650000000000091,1614.1911486229894,176.97279115612994,True,True,True,True,,,f,1.4824397054531,7.665708761539709,0.019735294117647052
26,Gyroid,hot,0.07399644841269842,171.23928571428578,8.413910714285716,146.67499999999995,8.382821428571434,2.1366853602570735,0.031089285714282155,0.09815777203192266,完成,432.10714285714283,8398366.071428576,417.90714285714284,115.47376651245857,2.2874887182019436e-05,1180.6292271190198,0.03188320361925017,0.8470529090068122,0.9871454412217182,17135.662514748852,10.440447562801362,425.00714285714287,14.199999999999989,2183.341052950484,235.48053454895276,True,True,True,True,,,f,1.3974968544795923,7.470820080442495,0.04585714285714287
27,Gyroid,hot,0.0984584853249476,165.39245283018866,8.412528301886791,144.60000000000005,8.357811320754717,2.4030577626296643,0.05471698113207424,0.13735937977461607,完成,428.14622641509436,8385169.811320754,414.7867924528302,116.92920203900306,2.272636756205938e-05,1185.8794118425833,0.03164491399573772,0.8516607566525023,1.2971307799649958,22949.44089031299,10.50958592103445,421.4665094339623,13.359433962264177,2610.0300251824638,283.6200757352174,True,True,True,True,,,f,1.342136885367271,7.830487363558702,0.0808679245283019
28,Gyroid,hot,0.1226559381551363,170.68301886792455,8.364396226415092,146.29056603773583,8.276490566037738,3.478394848468396,0.08790566037735381,0.13029229953469812,完成,431.63679245283015,8320443.396226416,415.1377358490566,114.47253635052745,2.2832435413067872e-05,1178.8012639804383,0.031800322578266524,0.8463720346997592,1.650596324139229,28456.75181934889,10.650936139124207,423.38726415094334,16.499056603773568,3059.067904838762,330.79046078504797,True,True,True,True,,,f,1.3035943567663613,8.170437440021182,0.1292264150943396
29,Gyroid,hot,0.1491226895943563,169.58571428571426,8.66185714285714,146.0793650793651,8.53979365079365,4.083319556605292,0.1220634920634911,0.12920887667294775,完成,430.98253968253965,8600825.396825396,414.00317460317456,119.06540348582554,2.290084155032997e-05,1188.7130249610534,0.031964206615546914,0.8516566345871974,1.9293532038106131,34493.818324754866,10.407123632082621,422.49285714285713,16.979365079365095,3489.484496656291,375.3986693190667,True,True,True,True,,,f,1.2705229950772554,8.191212337286194,0.18071428571428566
30,Gyroid,hot,0.1750444277777778,166.02500000000006,8.54212,149.23,8.373289999999999,3.3432113833972825,0.1688300000000016,0.18764543527731867,完成,430.77750000000003,8457705.0,417.7525,116.94007374920088,2.2845941192649878e-05,1184.3897916300164,0.03184871581370844,0.8495946802698895,2.3058896898132426,40587.11866755836,10.260374076918557,424.265,13.025000000000034,3724.392605288288,402.12300101874996,True,True,False,True,,,f,1.2435013985720131,8.251196250121758,0.25125
31,Gyroid,hot,0.04817325281803543,192.3913043478261,8.487637681159418,151.5289855072464,8.47546376811594,2.2993232906035144,0.012173913043477924,0.07699181309232425,完成,445.1101449275362,8481550.724637678,424.2688405797101,111.63093472009342,2.3376968838002867e-05,1167.6177830505771,0.03271455055282861,0.8343493664995891,0.6647755095808506,10916.08125885611,9.32501638359257,434.6894927536232,20.84130434782611,1600.8273425243135,168.26698780164278,True,True,True,True,,,f,1.491211595814422,6.253315364342867,0.020710144927536228
32,Gyroid,hot,0.07404880303030302,198.44363636363633,8.444472727272727,156.72363636363636,8.41221818181818,3.5812170165475066,0.03225454545454731,0.08299625425215039,完成,450.7336363636363,8428345.454545453,427.3872727272727,108.84375698774772,2.3568300321979323e-05,1160.8827794820018,0.033023793476686075,0.8284945823913711,1.0480164975388901,16643.274059036597,10.1954208201453,439.0604545454545,23.346363636363606,2225.7723576922285,231.76570349921306,True,True,True,True,,,f,1.4032328657662372,7.265665641730873,0.048127272727272706
33,Gyroid,hot,0.09845172619047618,205.98749999999998,8.579874999999998,160.08928571428575,8.522232142857144,5.223711489045996,0.057642857142854,0.11347897495023417,完成,456.18839285714284,8551053.57142857,428.1928571428571,108.66546506838179,2.380482186168072e-05,1159.3597733134363,0.03341200629730774,0.8260010677523636,1.3956785138102101,21908.234699029465,10.290516261599649,442.19062499999995,27.995535714285722,2707.445671841036,278.645851166457,True,True,True,True,,,f,1.350692374124774,7.618697239086532,0.08632142857142855
34,Gyroid,hot,0.12283725095785447,204.2793103448276,8.414275862068965,159.8206896551725,8.322344827586205,6.274169674739669,0.09193103448276041,0.107257887340707,完成,455.20000000000005,8368310.344827584,426.1448275862069,106.47710677331015,2.3716395956851513e-05,1155.720564939416,0.03325634259959071,0.8241894445096509,1.777163754832039,27436.60567679716,10.330111364173609,440.6724137931035,29.055172413793173,3133.301258978976,323.9836192383722,True,True,True,True,,,f,1.3100147530869342,7.885492388411362,0.13806896551724138
35,Gyroid,hot,0.14894071696696695,202.4810810810811,8.809445945945944,159.62837837837833,8.68191891891892,7.372965101449053,0.1275270270270248,0.11263428343969972,完成,454.2047297297297,8745682.432432432,424.37635135135133,112.06220873298956,2.378841765075531e-05,1165.78093572098,0.03342585274657811,0.8296597247188557,2.0474243428691326,33166.288245733645,10.258440049815315,439.2905405405405,29.828378378378375,3586.591257087368,368.9731592745552,True,True,True,True,,,f,1.2771681036408233,8.032176829793649,0.190972972972973
36,Gyroid,hot,0.1754809674329502,181.93448275862067,8.75193103448276,150.46982758620695,8.584784482758618,6.386588166184614,0.1671465517241426,0.11302473892723096,完成,439.3521551724138,8668357.75862069,416.13965517241365,116.59888940168669,2.3224920640998004e-05,1179.3894823181533,0.03249514036261176,0.8429330301703394,2.318404476787736,40024.394158876414,10.078098223097566,427.7459051724137,23.212500000000148,3992.237281431321,422.4675087198796,True,True,True,True,,,f,1.245788579489541,8.089733995817367,0.25091379310344836
37,Gyroid,hot,0.04825895299145299,223.94461538461536,8.00729230769231,162.97538461538457,7.991384615384613,3.3585149526911344,0.01590769230769773,0.07588331099405766,完成,466.60999999999996,7999338.461538462,436.3423076923076,97.9701863464759,2.404337012729203e-05,1140.2120579049504,0.03380735589580909,0.8109046036104964,0.7588178908309351,10632.405680243332,10.655948601640283,451.4761538461538,30.267692307692357,1610.042449553662,163.76515703878022,True,True,True,True,,,f,1.4970484346583912,7.117971840418005,0.0
38,Gyroid,hot,0.07408644444444441,226.8709090909091,8.368599999999999,167.99454545454537,8.333454545454545,4.99642302834951,0.0351454545454537,0.07988813869583143,完成,470.5827272727272,8351027.2727272725,438.26545454545453,101.40516426147154,2.4283479990139182e-05,1145.617030130351,0.034272510890141626,0.8117166646093403,1.1254657425503813,16161.319416467204,10.339475863447431,454.42409090909086,32.317272727272666,2243.333536469045,225.08331910564667,True,True,True,True,,,f,1.409055616735399,7.337876334081596,0.0
39,Gyroid,hot,0.09847393246187361,234.0803921568628,8.532156862745097,172.37450980392157,8.46986274509804,6.953124431932707,0.062294117647057945,0.10708680176860971,完成,476.37745098039215,8501009.80392157,439.3460784313726,101.63589788000725,2.453741691526561e-05,1145.8489834853615,0.034752414444259305,0.8090423263917446,1.4925460991266108,21258.93112077838,10.396769023302186,457.86176470588236,37.03137254901958,2724.4543978842685,269.5814129061176,True,True,True,True,,,f,1.3562830801325998,7.665633506454806,0.0
40,Gyroid,hot,0.12298850389863548,214.24473684210534,8.580666666666662,165.51403508771932,8.487096491228069,6.881323376890501,0.09357017543859314,0.11711912448916763,完成,463.0293859649123,8533881.578947365,431.2837719298245,106.15737422747847,2.405231428721001e-05,1153.9713934023173,0.03385903368963608,0.8197423141776766,1.7847112088448467,27086.733445513666,10.456958057651313,447.1565789473684,31.745614035087783,3145.2674921301923,319.43199345254385,True,True,True,True,,,f,1.3122832672975466,7.968521978631848,0.0
41,Gyroid,hot,0.04823797491039427,193.45161290322594,8.116677419354838,173.83709677419355,8.10217741935484,1.084021580525536,0.014499999999998181,0.051212469005615865,完成,456.79435483870975,8109427.419354839,447.6782258064516,102.40315609726416,2.370377925213333e-05,1148.3794397650513,0.03319499090892524,0.8200313358290555,0.7256535527692645,10780.042145831583,10.161317023458126,452.23629032258066,9.11612903225813,1725.4278960330582,178.73913266131655,True,False,True,True,,,f,1.4939859759065093,6.801480862156367,0.0
42,Gyroid,hot,0.07407035394265232,198.57096774193542,8.34661290322581,178.0870967741936,8.312290322580644,1.7359405592054618,0.034322580645165246,0.11665584088206123,完成,461.4790322580645,8329451.612903227,450.3701612903225,103.90547225540598,2.3938903635743513e-05,1150.3798542110437,0.03363833093827155,0.8186741644522831,1.0981447758393557,16390.38476928591,10.350856945733154,455.9245967741935,11.10887096774195,2267.4320377847625,231.79028249672345,True,True,True,True,,,f,1.406261561448541,7.360548869067499,0.0
43,Gyroid,hot,0.09818500000000001,205.2588235294118,8.088745098039217,180.12745098039215,8.024803921568628,2.794522419965493,0.06394117647058906,0.150373243590765,完成,465.843137254902,8056774.509803923,450.93921568627457,98.94787790754049,2.402944022081629e-05,1141.8299453441407,0.033785532004869584,0.8121089941703545,1.5285943868295127,21644.64544536949,10.450657381265675,458.3911764705883,14.903921568627425,2720.6732874935033,276.91151494406205,True,True,False,True,,,f,1.3529372169550373,7.724421540259089,0.0
44,Gyroid,hot,0.12285790489642183,205.93898305084753,8.476762711864406,176.3847457627119,8.38105084745763,4.135451738541274,0.09571186440677693,0.14849175888184182,完成,464.3118644067797,8428906.779661018,445.1906779661017,104.34437119810923,2.407115404763544e-05,1150.8118034409356,0.03388658854671169,0.8174729115112421,1.8137928237294902,27036.793140752394,10.53599082901364,454.7512711864407,19.121186440678002,3138.1772637233853,318.452752569419,True,True,True,True,,,f,1.3126099537058595,8.026749149103765,0.0
3,Gyroid,cold,0.09934609649122808,108.79649122807014,10.301333333333336,132.6263157894737,10.290999999999995,3.288669311862597,0.010333333333340633,0.11196073729663221,完成,393.8614035087719,10296166.666666664,409.1807017543859,172.79490959386914,2.2481877781521813e-05,1382.1968584684507,0.03210217215273398,0.96798374559351,0.8856731190392433,23408.156396611757,2.8808228963785765,401.52105263157887,15.319298245613993,3114.9471685073922,333.6657661935216,True,True,True,True,,,f,1.338516481373958,2.152250597184634,0.04771929824561404
4,Gyroid,cold,0.12342128406708593,107.89622641509432,10.299773584905662,119.96603773584907,10.27611320754717,2.145757467954806,0.023660377358492468,0.14776330979044255,完成,387.08113207547166,10287943.396226415,395.6943396226415,179.2905212107293,2.2335426632870384e-05,1425.3535454558253,0.03205227747663529,0.993248594070647,1.0604405621291426,29271.487556723903,4.434510292868942,391.3877358490566,8.61320754716985,3614.80663871184,387.81228498128957,True,False,True,True,,,f,1.2986625298518775,3.4146748604310098,0.07207547169811324
5,Gyroid,cold,0.1487421016771488,104.23773584905658,10.344471698113207,121.71132075471697,10.302415094339619,3.781946751295185,0.04205660377358811,0.10360961797072639,完成,386.12452830188676,10323443.396226414,399.7,181.08639931772117,2.2339712273963776e-05,1434.9891148630754,0.032103302734722367,0.998565294269194,1.2653238111363116,35269.98896868703,5.481494675475546,392.9122641509434,13.575471698113233,4042.3120098867553,432.987643445084,True,True,True,True,,,f,1.266777478358025,4.327117247601026,0.10416981132075472
6,Gyroid,cold,0.17459455473856206,99.2720588235294,10.34279411764706,117.61323529411763,10.283323529411764,4.799272523778718,0.05947058823529616,0.08639124848171727,完成,381.5926470588235,10313058.823529411,397.1647058823529,185.88229700931922,2.225632850256604e-05,1470.324776589693,0.03212542445391135,1.0186334278692464,1.4469258139348369,41555.274686858946,5.774649998437415,389.3786764705882,15.572058823529403,4471.96840934324,478.67995053078687,True,True,True,True,,,f,1.2396528334147296,4.658279998062561,0.13866176470588235
7,Gyroid,cold,0.19860995221027486,96.81505376344082,10.397956989247312,116.10967741935482,10.316118279569894,5.8613006783064945,0.08183870967741846,0.07109191145672465,完成,379.6123655913978,10357037.634408602,397.1483870967742,189.26744199563473,2.2257896730390085e-05,1491.8454185690546,0.032226260098087364,1.030381470364485,1.6165111140945396,47267.85224592317,6.252870922914155,388.380376344086,17.536021505376368,4849.894396042289,517.5088238190621,True,True,True,True,,,f,1.2189114860466013,5.129881040988972,0.17859139784946243
10,Gyroid,cold,0.09892829444444443,103.12200000000003,10.006780000000003,143.986,10.001379999999997,5.497387740529821,0.0054000000000051784,0.08993550004404323,完成,396.70399999999995,10004080.0,422.65599999999995,164.31595794475166,2.2390208846002572e-05,1348.7557723516836,0.031796203773694465,0.9497650612677787,0.9274582724308662,23405.14644033704,1.443707627302098,409.67999999999995,25.951999999999998,3073.653365181107,332.4107048468254,True,True,True,True,,,f,1.338539955211468,1.0785689449770777,0.050339999999999996
11,Gyroid,cold,0.12315813180827882,101.62352941176471,10.213431372549017,139.36666666666667,10.191196078431375,6.469248185334168,0.022235294117642468,0.08301079889529589,完成,393.64509803921567,10202313.725490196,420.0990196078431,171.04678573269027,2.242394376802882e-05,1377.4207644329233,0.03198308756804996,0.9657355844973027,1.109179349921699,29093.775428975354,3.9928077754330724,406.8720588235294,26.453921568627436,3548.4043408361713,381.51190947379564,True,True,True,True,,,f,1.2997240827469307,3.072042619226062,0.07670588235294118
12,Gyroid,cold,0.14866494949494952,100.07090909090905,10.39170909090909,138.55636363636367,10.351854545454547,8.092690233162894,0.03985454545454381,0.07961289006454399,完成,392.46363636363634,10371781.81818182,421.6218181818182,175.70323151926067,2.2494827419019465e-05,1395.517386216182,0.03218404711606423,0.9753876711019759,1.3034141730349869,35008.61321567695,5.045302679128622,407.04272727272723,29.158181818181845,4027.1872954466053,430.2853479282626,True,True,True,True,,,f,1.2680277243855154,3.9788583341689705,0.1084181818181819
13,Gyroid,cold,0.17444935742971887,98.4734939759036,10.61110843373494,137.64216867469875,10.551421686746984,9.854327792319838,0.059686746987955175,0.06727010625511817,完成,391.2078313253012,10581265.060240963,423.10060240963855,181.41758559900222,2.2594517542315655e-05,1417.8144058215225,0.03245136023694712,0.9871645511983609,1.4813019406445098,40899.24464634504,5.665853436714313,407.15421686746987,31.89277108433737,4483.365025501594,475.07981541367496,True,True,True,True,,,f,1.2422488926750552,4.560964771329745,0.1442409638554217
16,Gyroid,cold,0.09909613935969867,101.27796610169497,10.20284745762712,160.39999999999995,10.193559322033897,7.878842747817672,0.009288135593223501,0.09127739108491933,完成,403.9889830508474,10198203.38983051,442.3677966101695,162.19125622306603,2.267978369671298e-05,1325.816412805061,0.03218391150012617,0.9342938152142516,0.9412021234150924,23145.51308464965,2.442807840820921,423.1783898305084,38.378813559322055,2978.7924094732934,318.2708017323704,True,True,True,True,,,f,1.3405787044791617,1.8222039725522827,0.051694915254237285
17,Gyroid,cold,0.1233103434343434,100.46909090909092,10.375527272727272,157.8272727272727,10.35430909090909,9.643128454491675,0.021218181818181137,0.0871427413984363,完成,402.2981818181818,10364918.181818182,442.70909090909095,166.76888683168787,2.2720715684112508e-05,1342.304678175828,0.032326447647185536,0.9434418308855662,1.1390376457476334,28749.24776055691,3.705706108339187,422.50363636363636,40.41090909090917,3462.491231306866,368.3206637299363,True,True,True,True,,,f,1.3018044777617042,2.8465919204016736,0.07932727272727273
18,Gyroid,cold,0.14880871863799283,99.00645161290322,10.564258064516128,155.65161290322584,10.527435483870965,11.682898875482605,0.03682258064516297,0.0808288235494562,完成,400.47903225806454,10545846.774193546,443.2758064516128,171.87871619841786,2.2772235186280778e-05,1361.271451235191,0.03249745208435643,0.9538961257464199,1.3337052982097752,34615.58711773377,4.5512046091664615,421.8774193548387,42.79677419354829,3961.037308946819,419.13604004778665,True,True,True,True,,,f,1.2699287790835587,3.5838266555789278,0.11177419354838718
19,Gyroid,cold,0.17438132822477648,99.10459770114944,10.23213793103449,145.20114942528738,10.17042528735632,11.187871587815478,0.06171264367817031,0.07109837355053157,完成,395.3028735632184,10201281.609195406,432.5620689655172,169.52480723814523,2.246210049445456e-05,1368.0785071338012,0.03200510859214908,0.9601566207177603,1.5846024481971992,41124.30778158928,5.478406319216885,413.9324712643678,37.259195402298815,4356.957779891576,468.1224091269735,True,True,True,True,,,f,1.2413527510652433,4.4132550675186355,0.1529425287356322
22,Gyroid,cold,0.09942717592592593,105.69629629629632,10.58048148148148,183.31851851851857,10.573111111111107,10.15127911981802,0.00737037037037247,0.09492413706514664,完成,417.6574074074074,10576796.296296295,466.1259259259259,158.9995620639084,2.323532870211381e-05,1292.3828996072864,0.03298465726190745,0.91039119318197,0.9633026977241018,22667.58583532111,1.8876515269092058,441.89166666666665,48.46851851851852,3038.9977234919565,316.8208712609204,True,True,True,True,,,f,1.3444054199557405,1.4040790812724853,0.053500000000000006
23,Gyroid,cold,0.12287298115079368,106.38571428571427,10.083553571428572,180.32857142857156,10.055767857142857,11.768294104566118,0.027785714285714747,0.08740915585239657,完成,416.50714285714287,10069660.714285715,465.63124999999997,150.8939530551493,2.2976582682848286e-05,1274.550325172879,0.03246596223762941,0.9020158009006584,1.2544061069372334,28328.262912070542,4.422088223823635,441.06919642857144,49.1241071428571,3476.06744466512,368.17585164046903,True,True,True,True,,,f,1.3043876341275464,3.3901641721568416,0.08801785714285718
24,Gyroid,cold,0.1486155555555555,104.72794117647061,10.34122058823529,177.28823529411764,10.296514705882352,14.20074805134068,0.04470588235293782,0.09060680492172292,完成,414.1580882352941,10318867.64705882,465.6911764705882,156.8805441984129,2.301861799251646e-05,1292.8549611344254,0.03261665326577902,0.912409198687058,1.4593141133970235,34200.62236449254,5.056523279834072,439.9246323529411,51.53308823529409,3998.4751727538537,421.5512601337443,True,True,True,True,,,f,1.2719640713251508,3.9753664382722005,0.12308823529411766
27,Gyroid,cold,0.09879999475890981,130.75849056603772,9.812867924528303,152.51509433962266,9.807377358490568,2.7331402864670515,0.005490566037735789,0.13735937977461607,完成,414.7867924528302,9810122.641509436,428.14622641509436,147.46383032007216,2.2812115530455666e-05,1268.658841586706,0.032157963287024804,0.8999572455724245,1.0321076848441817,22942.479095596027,1.3207954927549266,421.4665094339623,13.359433962264177,2968.5421306346275,317.4315332752094,True,True,True,True,,,f,1.3421925083578474,0.984058161947946,0.05473584905660376
28,Gyroid,cold,0.1230816928721174,129.56981132075475,10.103981132075475,154.4056603773585,10.084169811320756,3.9316029119649913,0.019811320754719475,0.13029229953469812,完成,415.1377358490566,10094075.471698115,431.63679245283015,152.22444938974888,2.294632433219867e-05,1279.8171334627395,0.03243678870524016,0.9053639463883354,1.245554254792228,28413.799962431905,3.1699886776489707,423.38726415094334,16.499056603773568,3457.6408965930195,366.5535412091367,True,True,True,True,,,f,1.3038590566868247,2.4312356932996124,0.08401886792452833
29,Gyroid,cold,0.148628201058201,128.94285714285715,10.293746031746036,152.76349206349204,10.254746031746032,4.610920689610941,0.039000000000003254,0.12920887667294775,完成,414.00317460317456,10274246.031746035,430.98253968253965,156.19226999794697,2.299385303516694e-05,1291.3987539989125,0.032568080045709734,0.9117587870569112,1.465869420442925,34240.370514259186,4.391051116138382,422.49285714285713,16.979365079365095,3940.3568686368903,416.0435417025241,True,True,True,True,,,f,1.2717678454112624,3.452714370772922,0.11901587301587296
30,Gyroid,cold,0.17285662499999999,135.494,9.286759999999997,153.711,9.207730000000002,3.9705497386589523,0.07902999999999594,0.18764543527731867,完成,417.7525,9247245.0,430.77750000000003,136.00695146288592,2.2675723232286494e-05,1237.3564758619914,0.031784891999019384,0.8827449527652803,1.9578459793146172,40380.70222585358,5.728327259837322,424.265,13.025000000000034,4423.257876851274,478.5385225764956,True,True,False,True,,,f,1.2443359895256307,4.60352132226047,0.056179999999999966
34,Gyroid,cold,0.12275454022988509,130.41551724137935,10.0143275862069,175.57413793103447,9.995206896551728,6.947123858869377,0.01912068965517122,0.107257887340707,完成,426.1448275862069,10004767.241379313,455.20000000000005,143.886946144499,2.32480414335884e-05,1246.2023511440646,0.0328133057642979,0.8829273131497424,1.3142251360842214,27970.496692981378,2.9073452743735397,440.6724137931035,29.055172413793173,3469.372532419025,363.5769443349037,True,True,True,True,,,f,1.306619466156305,2.2250895151027446,0.1057241379310345
35,Gyroid,cold,0.14847602852852848,129.4635135135135,10.270797297297298,172.98918918918918,10.23140540540541,8.20341374247668,0.03939189189188852,0.11263428343969972,完成,424.37635135135133,10251101.351351354,454.2047297297297,149.02174162000406,2.3292628205952186e-05,1259.729662188446,0.03294637957298623,0.8906112004313814,1.5348301020002522,33766.56113437168,4.240241388313194,439.2905405405405,29.828378378378375,3990.5643933204947,416.50671780879117,True,True,True,True,,,f,1.2741247800375888,3.327963991241188,0.11622972972972981
36,Gyroid,cold,0.17456289990421456,127.36551724137921,10.432810344827583,158.61379310344822,10.37630172413793,7.108430626303373,0.056508620689653455,0.11302473892723096,完成,416.13965517241365,10404556.034482755,439.3521551724138,157.02178034175344,2.31142111572074e-05,1289.9992231897515,0.03276773595921769,0.9099595551719437,1.7125594293252195,40005.69844922245,4.636790773384789,427.7459051724137,23.212500000000148,4443.458857900676,466.3050436371779,True,True,True,True,,,f,1.2458652202038931,3.721743490540615,0.12809482758620697
39,Gyroid,cold,0.09899299564270153,134.64901960784312,10.182196078431373,197.74313725490205,10.173196078431372,7.697712289647562,0.009000000000000341,0.10708680176860971,完成,439.3460784313726,10177696.078431373,476.37745098039215,139.43963009409114,2.3739621795077054e-05,1224.6690987990353,0.03357730881391002,0.8658579932875039,1.0936336013070767,22089.18316594079,2.0392317749249416,457.86176470588236,37.03137254901958,3016.2075059181184,308.89488465081274,True,True,True,True,,,f,1.3491703499450158,1.5114709384237865,0.0
40,Gyroid,cold,0.12262914473684207,132.89736842105265,10.007947368421053,183.37017543859648,9.985447368421047,7.687257946118759,0.02250000000000618,0.11711912448916763,完成,431.2837719298245,9996697.36842105,463.0293859649123,140.8762325217974,2.3409773844497012e-05,1234.4967094197636,0.03304495712833063,0.8745445989553429,1.3409406955497658,27748.880503758595,3.3564458088030147,447.1565789473684,31.745614035087783,3513.63846709272,365.63458231171353,True,True,True,True,,,f,1.3080192770600136,2.56605224989281,0.0
43,Gyroid,cold,0.09891808278867104,164.3,10.05235294117647,191.2784313725491,10.046862745098037,3.2147438205428185,0.005490196078431708,0.150373243590765,完成,450.93921568627457,10049607.843137253,465.843137254902,131.92902281823214,2.4081092830457973e-05,1202.8510770389014,0.03408169487689549,0.8498981213233799,1.1550185127647137,21759.478568970266,1.1787551733356554,458.3911764705883,14.903921568627425,3129.7897544846514,315.7834502050024,True,True,False,True,,,f,1.3519551630005202,0.8718892501727158,0.0
44,Gyroid,cold,0.12304104048964223,156.23728813559322,10.255915254237287,187.84406779661023,10.23357627118644,4.749532240968239,0.02233898305084736,0.14849175888184182,完成,445.1906779661017,10244745.762711864,464.3118644067797,137.51246320064328,2.3955639063245214e-05,1216.6996411964667,0.033920071933245304,0.8592793526571361,1.378356422263741,27207.661738026538,3.231113854881179,454.7512711864407,19.121186440678002,3604.1707252966767,365.3793300813949,True,True,True,True,,,f,1.3114952112888252,2.4636871161015654,0.0
